ecosystem,package,version,license,official_metadata,upstream_repository,license_evidence,verification,declared_locations,included_package_code
PyPI,aiohappyeyeballs,2.7.1,PSF-2.0,https://pypi.org/pypi/aiohappyeyeballs/2.7.1/json,https://github.com/aio-libs/aiohappyeyeballs,https://pypi.org/pypi/aiohappyeyeballs/2.7.1/json,versioned official package metadata,backend/uv.lock,no
PyPI,aiohttp,3.14.3,Apache-2.0 AND MIT,https://pypi.org/pypi/aiohttp/3.14.3/json,https://github.com/aio-libs/aiohttp/actions?query=workflow%3ACI,https://pypi.org/pypi/aiohttp/3.14.3/json,versioned official package metadata,backend/uv.lock,no
PyPI,aiosignal,1.4.0,Apache-2.0,https://pypi.org/pypi/aiosignal/1.4.0/json,https://github.com/aio-libs/aiosignal/actions,https://pypi.org/pypi/aiosignal/1.4.0/json,versioned official package metadata,backend/uv.lock,no
PyPI,alembic,1.18.5,MIT,https://pypi.org/pypi/alembic/1.18.5/json,https://github.com/sqlalchemy/alembic/,https://pypi.org/pypi/alembic/1.18.5/json,versioned official package metadata,backend/uv.lock,no
PyPI,annotated-doc,0.0.4,MIT,https://pypi.org/pypi/annotated-doc/0.0.4/json,https://github.com/fastapi/annotated-doc,https://pypi.org/pypi/annotated-doc/0.0.4/json,versioned official package metadata,backend/uv.lock,no
PyPI,annotated-types,0.8.0,MIT,https://pypi.org/pypi/annotated-types/0.8.0/json,https://github.com/annotated-types/annotated-types,https://pypi.org/pypi/annotated-types/0.8.0/json,versioned official package metadata,backend/uv.lock,no
PyPI,anyio,4.14.2,MIT,https://pypi.org/pypi/anyio/4.14.2/json,https://github.com/agronholm/anyio,https://pypi.org/pypi/anyio/4.14.2/json,versioned official package metadata,backend/uv.lock,no
PyPI,argon2-cffi,25.1.0,MIT,https://pypi.org/pypi/argon2-cffi/25.1.0/json,https://github.com/hynek/argon2-cffi,https://pypi.org/pypi/argon2-cffi/25.1.0/json,versioned official package metadata,backend/uv.lock,no
PyPI,argon2-cffi-bindings,25.1.0,MIT,https://pypi.org/pypi/argon2-cffi-bindings/25.1.0/json,https://github.com/hynek/argon2-cffi-bindings,https://pypi.org/pypi/argon2-cffi-bindings/25.1.0/json,versioned official package metadata,backend/uv.lock,no
PyPI,attrs,26.1.0,MIT,https://pypi.org/pypi/attrs/26.1.0/json,https://github.com/python-attrs/attrs,https://pypi.org/pypi/attrs/26.1.0/json,versioned official package metadata,backend/uv.lock,no
PyPI,av,18.0.0,BSD-3-Clause,https://pypi.org/pypi/av/18.0.0/json,https://github.com/PyAV-Org/PyAV,https://pypi.org/pypi/av/18.0.0/json,versioned official package metadata,stt/requirements.txt,no
PyPI,cachecontrol,0.14.4,Apache-2.0,https://pypi.org/pypi/cachecontrol/0.14.4/json,https://github.com/psf/cachecontrol,https://pypi.org/pypi/cachecontrol/0.14.4/json,versioned official package metadata,backend/uv.lock,no
PyPI,certifi,2026.7.22,MPL-2.0,https://pypi.org/pypi/certifi/2026.7.22/json,https://github.com/certifi/python-certifi,https://pypi.org/pypi/certifi/2026.7.22/json,versioned official package metadata,backend/uv.lock,no
PyPI,cffi,2.1.0,MIT-0,https://pypi.org/pypi/cffi/2.1.0/json,https://github.com/python-cffi/cffi,https://pypi.org/pypi/cffi/2.1.0/json,versioned official package metadata,backend/uv.lock,no
PyPI,charset-normalizer,3.4.9,MIT,https://pypi.org/pypi/charset-normalizer/3.4.9/json,,https://pypi.org/pypi/charset-normalizer/3.4.9/json,versioned official package metadata,backend/uv.lock,no
PyPI,click,8.4.2,BSD-3-Clause,https://pypi.org/pypi/click/8.4.2/json,https://github.com/pallets/click/,https://pypi.org/pypi/click/8.4.2/json,versioned official package metadata,backend/uv.lock,no
PyPI,colorama,0.4.6,BSD-3-Clause,https://pypi.org/pypi/colorama/0.4.6/json,,https://raw.githubusercontent.com/tartley/colorama/0.4.6/LICENSE.txt,versioned upstream LICENSE,backend/uv.lock,no
PyPI,cryptography,49.0.0,Apache-2.0 OR BSD-3-Clause,https://pypi.org/pypi/cryptography/49.0.0/json,https://github.com/pyca/cryptography/,https://pypi.org/pypi/cryptography/49.0.0/json,versioned official package metadata,backend/uv.lock,no
PyPI,fastapi,0.116.1,MIT,https://pypi.org/pypi/fastapi/0.116.1/json,https://github.com/fastapi/fastapi,https://pypi.org/pypi/fastapi/0.116.1/json,versioned official package metadata,stt/requirements.txt,no
PyPI,fastapi,0.140.0,MIT,https://pypi.org/pypi/fastapi/0.140.0/json,https://github.com/fastapi/fastapi,https://pypi.org/pypi/fastapi/0.140.0/json,versioned official package metadata,backend/uv.lock,no
PyPI,faster-whisper,1.2.1,MIT,https://pypi.org/pypi/faster-whisper/1.2.1/json,https://github.com/SYSTRAN/faster-whisper,https://pypi.org/pypi/faster-whisper/1.2.1/json,versioned official package metadata,stt/requirements.txt,no
PyPI,firebase-admin,7.5.0,Apache-2.0,https://pypi.org/pypi/firebase-admin/7.5.0/json,https://github.com/firebase/firebase-admin-python,https://pypi.org/pypi/firebase-admin/7.5.0/json,versioned official package metadata,backend/uv.lock,no
PyPI,frozenlist,1.8.0,Apache-2.0,https://pypi.org/pypi/frozenlist/1.8.0/json,https://github.com/aio-libs/frozenlist/actions,https://pypi.org/pypi/frozenlist/1.8.0/json,versioned official package metadata,backend/uv.lock,no
PyPI,google-api-core,2.34.0,Apache-2.0,https://pypi.org/pypi/google-api-core/2.34.0/json,https://github.com/googleapis/google-cloud-python,https://pypi.org/pypi/google-api-core/2.34.0/json,versioned official package metadata,backend/uv.lock,no
PyPI,google-auth,2.56.3,Apache-2.0,https://pypi.org/pypi/google-auth/2.56.3/json,https://github.com/googleapis/google-cloud-python/tree/main/packages/google-auth,https://pypi.org/pypi/google-auth/2.56.3/json,versioned official package metadata,backend/uv.lock,no
PyPI,google-cloud-core,2.6.1,Apache-2.0,https://pypi.org/pypi/google-cloud-core/2.6.1/json,https://github.com/googleapis/google-cloud-python/tree/main/packages/google-cloud-core,https://pypi.org/pypi/google-cloud-core/2.6.1/json,versioned official package metadata,backend/uv.lock,no
PyPI,google-cloud-firestore,2.28.1,Apache-2.0,https://pypi.org/pypi/google-cloud-firestore/2.28.1/json,https://github.com/googleapis/google-cloud-python/tree/main/packages/google-cloud-firestore,https://pypi.org/pypi/google-cloud-firestore/2.28.1/json,versioned official package metadata,backend/uv.lock,no
PyPI,google-cloud-storage,3.13.1,Apache-2.0,https://pypi.org/pypi/google-cloud-storage/3.13.1/json,https://github.com/googleapis/google-cloud-python/tree/main/packages/google-cloud-storage,https://pypi.org/pypi/google-cloud-storage/3.13.1/json,versioned official package metadata,backend/uv.lock,no
PyPI,google-crc32c,1.8.0,Apache-2.0,https://pypi.org/pypi/google-crc32c/1.8.0/json,https://github.com/googleapis/python-crc32c,https://raw.githubusercontent.com/googleapis/python-crc32c/v1.8.0/LICENSE,versioned upstream LICENSE,backend/uv.lock,no
PyPI,google-resumable-media,2.10.1,Apache-2.0,https://pypi.org/pypi/google-resumable-media/2.10.1/json,https://github.com/googleapis/google-cloud-python/tree/main/packages/google-resumable-media,https://pypi.org/pypi/google-resumable-media/2.10.1/json,versioned official package metadata,backend/uv.lock,no
PyPI,googleapis-common-protos,1.75.1,Apache-2.0,https://pypi.org/pypi/googleapis-common-protos/1.75.1/json,https://github.com/googleapis/google-cloud-python/tree/main/packages/googleapis-common-protos,https://pypi.org/pypi/googleapis-common-protos/1.75.1/json,versioned official package metadata,backend/uv.lock,no
PyPI,greenlet,3.5.4,MIT AND PSF-2.0,https://pypi.org/pypi/greenlet/3.5.4/json,https://github.com/python-greenlet/greenlet,https://pypi.org/pypi/greenlet/3.5.4/json,versioned official package metadata,backend/uv.lock,no
PyPI,grpcio,1.83.0,Apache-2.0,https://pypi.org/pypi/grpcio/1.83.0/json,https://github.com/grpc/grpc,https://pypi.org/pypi/grpcio/1.83.0/json,versioned official package metadata,backend/uv.lock,no
PyPI,grpcio-status,1.83.0,Apache-2.0,https://pypi.org/pypi/grpcio-status/1.83.0/json,,https://pypi.org/pypi/grpcio-status/1.83.0/json,versioned official package metadata,backend/uv.lock,no
PyPI,h11,0.16.0,MIT,https://pypi.org/pypi/h11/0.16.0/json,https://github.com/python-hyper/h11,https://pypi.org/pypi/h11/0.16.0/json,versioned official package metadata,backend/uv.lock,no
PyPI,h2,4.4.1,MIT,https://pypi.org/pypi/h2/4.4.1/json,https://github.com/python-hyper/h2/issues,https://pypi.org/pypi/h2/4.4.1/json,versioned official package metadata,backend/uv.lock,no
PyPI,hpack,4.2.0,MIT,https://pypi.org/pypi/hpack/4.2.0/json,https://github.com/python-hyper/hpack/issues,https://pypi.org/pypi/hpack/4.2.0/json,versioned official package metadata,backend/uv.lock,no
PyPI,http-ece,1.2.1,MIT,https://pypi.org/pypi/http-ece/1.2.1/json,https://github.com/martinthomson/encrypted-content-encoding,https://pypi.org/pypi/http-ece/1.2.1/json,versioned official package metadata,backend/uv.lock,no
PyPI,httpcore,1.0.9,BSD-3-Clause,https://pypi.org/pypi/httpcore/1.0.9/json,https://github.com/encode/httpcore,https://pypi.org/pypi/httpcore/1.0.9/json,versioned official package metadata,backend/uv.lock,no
PyPI,httptools,0.8.0,MIT,https://pypi.org/pypi/httptools/0.8.0/json,,https://pypi.org/pypi/httptools/0.8.0/json,versioned official package metadata,backend/uv.lock,no
PyPI,httpx,0.28.1,BSD-3-Clause,https://pypi.org/pypi/httpx/0.28.1/json,https://github.com/encode/httpx,https://pypi.org/pypi/httpx/0.28.1/json,versioned official package metadata,backend/uv.lock; stt/requirements-test.txt,no
PyPI,hyperframe,6.1.0,MIT,https://pypi.org/pypi/hyperframe/6.1.0/json,https://github.com/python-hyper/hyperframe/issues,https://pypi.org/pypi/hyperframe/6.1.0/json,versioned official package metadata,backend/uv.lock,no
PyPI,idna,3.18,BSD-3-Clause,https://pypi.org/pypi/idna/3.18/json,https://github.com/kjd/idna,https://pypi.org/pypi/idna/3.18/json,versioned official package metadata,backend/uv.lock,no
PyPI,iniconfig,2.3.0,MIT,https://pypi.org/pypi/iniconfig/2.3.0/json,,https://pypi.org/pypi/iniconfig/2.3.0/json,versioned official package metadata,backend/uv.lock,no
PyPI,mako,1.3.12,MIT,https://pypi.org/pypi/mako/1.3.12/json,https://www.makotemplates.org/,https://pypi.org/pypi/mako/1.3.12/json,versioned official package metadata,backend/uv.lock,no
PyPI,markupsafe,3.0.3,BSD-3-Clause,https://pypi.org/pypi/markupsafe/3.0.3/json,https://github.com/pallets/markupsafe/,https://pypi.org/pypi/markupsafe/3.0.3/json,versioned official package metadata,backend/uv.lock,no
PyPI,msgpack,1.2.1,Apache-2.0,https://pypi.org/pypi/msgpack/1.2.1/json,https://github.com/msgpack/msgpack-python/,https://pypi.org/pypi/msgpack/1.2.1/json,versioned official package metadata,backend/uv.lock,no
PyPI,multidict,6.7.1,Apache-2.0,https://pypi.org/pypi/multidict/6.7.1/json,https://github.com/aio-libs/multidict/actions,https://pypi.org/pypi/multidict/6.7.1/json,versioned official package metadata,backend/uv.lock,no
PyPI,packaging,26.2,Apache-2.0 OR BSD-2-Clause,https://pypi.org/pypi/packaging/26.2/json,https://github.com/pypa/packaging,https://pypi.org/pypi/packaging/26.2/json,versioned official package metadata,backend/uv.lock,no
PyPI,pillow,11.3.0,MIT-CMU,https://pypi.org/pypi/pillow/11.3.0/json,https://github.com/python-pillow/Pillow,https://pypi.org/pypi/pillow/11.3.0/json,versioned official package metadata,backend/uv.lock,no
PyPI,pluggy,1.6.0,MIT,https://pypi.org/pypi/pluggy/1.6.0/json,,https://pypi.org/pypi/pluggy/1.6.0/json,versioned official package metadata,backend/uv.lock,no
PyPI,propcache,0.5.2,Apache-2.0,https://pypi.org/pypi/propcache/0.5.2/json,https://github.com/aio-libs/propcache/actions?query=branch:master,https://pypi.org/pypi/propcache/0.5.2/json,versioned official package metadata,backend/uv.lock,no
PyPI,proto-plus,1.28.3,Apache-2.0,https://pypi.org/pypi/proto-plus/1.28.3/json,https://github.com/googleapis/google-cloud-python,https://pypi.org/pypi/proto-plus/1.28.3/json,versioned official package metadata,backend/uv.lock,no
PyPI,protobuf,7.35.1,BSD-3-Clause,https://pypi.org/pypi/protobuf/7.35.1/json,https://developers.google.com/protocol-buffers/,https://pypi.org/pypi/protobuf/7.35.1/json,versioned official package metadata,backend/uv.lock,no
PyPI,psycopg,3.3.4,LGPL-3.0-only,https://pypi.org/pypi/psycopg/3.3.4/json,,https://pypi.org/pypi/psycopg/3.3.4/json,versioned official package metadata,backend/uv.lock,no
PyPI,psycopg-binary,3.3.4,LGPL-3.0-only,https://pypi.org/pypi/psycopg-binary/3.3.4/json,,https://pypi.org/pypi/psycopg-binary/3.3.4/json,versioned official package metadata,backend/uv.lock,no
PyPI,py-vapid,1.9.4,MPL-2.0,https://pypi.org/pypi/py-vapid/1.9.4/json,,https://pypi.org/pypi/py-vapid/1.9.4/json,versioned official package metadata,backend/uv.lock,no
PyPI,pyasn1,0.6.4,BSD-2-Clause,https://pypi.org/pypi/pyasn1/0.6.4/json,https://github.com/pyasn1/pyasn1,https://pypi.org/pypi/pyasn1/0.6.4/json,versioned official package metadata,backend/uv.lock,no
PyPI,pyasn1-modules,0.4.2,BSD-2-Clause,https://pypi.org/pypi/pyasn1-modules/0.4.2/json,https://github.com/pyasn1/pyasn1-modules,https://raw.githubusercontent.com/pyasn1/pyasn1-modules/v0.4.2/LICENSE.txt,versioned upstream LICENSE,backend/uv.lock,no
PyPI,pycparser,3.0,BSD-3-Clause,https://pypi.org/pypi/pycparser/3.0/json,,https://pypi.org/pypi/pycparser/3.0/json,versioned official package metadata,backend/uv.lock,no
PyPI,pydantic,2.13.4,MIT,https://pypi.org/pypi/pydantic/2.13.4/json,https://github.com/pydantic/pydantic,https://pypi.org/pypi/pydantic/2.13.4/json,versioned official package metadata,backend/uv.lock,no
PyPI,pydantic-core,2.46.4,MIT,https://pypi.org/pypi/pydantic-core/2.46.4/json,https://github.com/pydantic/pydantic/tree/main/pydantic-core,https://pypi.org/pypi/pydantic-core/2.46.4/json,versioned official package metadata,backend/uv.lock,no
PyPI,pydantic-settings,2.14.2,MIT,https://pypi.org/pypi/pydantic-settings/2.14.2/json,https://github.com/pydantic/pydantic-settings,https://pypi.org/pypi/pydantic-settings/2.14.2/json,versioned official package metadata,backend/uv.lock,no
PyPI,pygments,2.20.0,BSD-2-Clause,https://pypi.org/pypi/pygments/2.20.0/json,https://github.com/pygments/pygments,https://pypi.org/pypi/pygments/2.20.0/json,versioned official package metadata,backend/uv.lock,no
PyPI,pyjwt,2.13.0,MIT,https://pypi.org/pypi/pyjwt/2.13.0/json,,https://pypi.org/pypi/pyjwt/2.13.0/json,versioned official package metadata,backend/uv.lock,no
PyPI,pypdf,5.9.0,BSD-3-Clause,https://pypi.org/pypi/pypdf/5.9.0/json,https://github.com/py-pdf/pypdf/issues,https://pypi.org/pypi/pypdf/5.9.0/json,versioned official package metadata,backend/uv.lock,no
PyPI,pypdfium2,4.30.0,(Apache-2.0 OR BSD-3-Clause) AND LicenseRef-PdfiumThirdParty,https://pypi.org/pypi/pypdfium2/4.30.0/json,https://github.com/pypdfium2-team/pypdfium2,https://pypi.org/pypi/pypdfium2/4.30.0/json,versioned official package metadata,backend/uv.lock,no
PyPI,pytest,8.4.2,MIT,https://pypi.org/pypi/pytest/8.4.2/json,https://github.com/pytest-dev/pytest,https://pypi.org/pypi/pytest/8.4.2/json,versioned official package metadata,backend/uv.lock; stt/requirements-test.txt,no
PyPI,python-dotenv,1.2.2,BSD-3-Clause,https://pypi.org/pypi/python-dotenv/1.2.2/json,https://github.com/theskumar/python-dotenv,https://pypi.org/pypi/python-dotenv/1.2.2/json,versioned official package metadata,backend/uv.lock,no
PyPI,python-multipart,0.0.20,Apache-2.0,https://pypi.org/pypi/python-multipart/0.0.20/json,https://github.com/Kludex/python-multipart,https://pypi.org/pypi/python-multipart/0.0.20/json,versioned official package metadata,stt/requirements.txt,no
PyPI,python-multipart,0.0.32,Apache-2.0,https://pypi.org/pypi/python-multipart/0.0.32/json,https://github.com/Kludex/python-multipart,https://pypi.org/pypi/python-multipart/0.0.32/json,versioned official package metadata,backend/uv.lock,no
PyPI,pywebpush,2.3.0,MPL-2.0,https://pypi.org/pypi/pywebpush/2.3.0/json,,https://pypi.org/pypi/pywebpush/2.3.0/json,versioned official package metadata,backend/uv.lock,no
PyPI,pyyaml,6.0.3,MIT,https://pypi.org/pypi/pyyaml/6.0.3/json,https://github.com/yaml/pyyaml,https://pypi.org/pypi/pyyaml/6.0.3/json,versioned official package metadata,backend/uv.lock,no
PyPI,requests,2.34.2,Apache-2.0,https://pypi.org/pypi/requests/2.34.2/json,https://github.com/psf/requests,https://pypi.org/pypi/requests/2.34.2/json,versioned official package metadata,backend/uv.lock,no
PyPI,sqlalchemy,2.0.51,MIT,https://pypi.org/pypi/sqlalchemy/2.0.51/json,https://www.sqlalchemy.org,https://pypi.org/pypi/sqlalchemy/2.0.51/json,versioned official package metadata,backend/uv.lock,no
PyPI,starlette,1.3.1,BSD-3-Clause,https://pypi.org/pypi/starlette/1.3.1/json,https://github.com/Kludex/starlette,https://pypi.org/pypi/starlette/1.3.1/json,versioned official package metadata,backend/uv.lock,no
PyPI,typing-extensions,4.16.0,PSF-2.0,https://pypi.org/pypi/typing-extensions/4.16.0/json,https://github.com/python/typing_extensions,https://pypi.org/pypi/typing-extensions/4.16.0/json,versioned official package metadata,backend/uv.lock,no
PyPI,typing-inspection,0.4.2,MIT,https://pypi.org/pypi/typing-inspection/0.4.2/json,https://github.com/pydantic/typing-inspection,https://pypi.org/pypi/typing-inspection/0.4.2/json,versioned official package metadata,backend/uv.lock,no
PyPI,tzdata,2026.3,Apache-2.0,https://pypi.org/pypi/tzdata/2026.3/json,https://github.com/python/tzdata/issues,https://pypi.org/pypi/tzdata/2026.3/json,versioned official package metadata,backend/uv.lock,no
PyPI,urllib3,2.7.0,MIT,https://pypi.org/pypi/urllib3/2.7.0/json,,https://pypi.org/pypi/urllib3/2.7.0/json,versioned official package metadata,backend/uv.lock,no
PyPI,uv,0.12.5,MIT OR Apache-2.0,https://pypi.org/pypi/uv/0.12.5/json,https://github.com/astral-sh/uv,https://pypi.org/pypi/uv/0.12.5/json,versioned official package metadata,backend/Dockerfile,no
PyPI,uvicorn,0.35.0,BSD-3-Clause,https://pypi.org/pypi/uvicorn/0.35.0/json,https://github.com/encode/uvicorn,https://pypi.org/pypi/uvicorn/0.35.0/json,versioned official package metadata,stt/requirements.txt,no
PyPI,uvicorn,0.51.0,BSD-3-Clause,https://pypi.org/pypi/uvicorn/0.51.0/json,https://github.com/Kludex/uvicorn,https://pypi.org/pypi/uvicorn/0.51.0/json,versioned official package metadata,backend/uv.lock,no
PyPI,uvloop,0.22.1,MIT; Apache-2.0 also declared for included portions,https://pypi.org/pypi/uvloop/0.22.1/json,https://github.com/MagicStack/uvloop,https://pypi.org/pypi/uvloop/0.22.1/json,versioned official package metadata,backend/uv.lock,no
PyPI,watchfiles,1.2.0,MIT,https://pypi.org/pypi/watchfiles/1.2.0/json,https://github.com/samuelcolvin/watchfiles,https://pypi.org/pypi/watchfiles/1.2.0/json,versioned official package metadata,backend/uv.lock,no
PyPI,websockets,16.1.1,BSD-3-Clause,https://pypi.org/pypi/websockets/16.1.1/json,,https://pypi.org/pypi/websockets/16.1.1/json,versioned official package metadata,backend/uv.lock,no
PyPI,yarl,1.24.5,Apache-2.0,https://pypi.org/pypi/yarl/1.24.5/json,https://github.com/aio-libs/yarl/actions?query=branch:master,https://pypi.org/pypi/yarl/1.24.5/json,versioned official package metadata,backend/uv.lock,no
npm,@alloc/quick-lru,5.2.0,MIT,https://registry.npmjs.org/%40alloc%2Fquick-lru/5.2.0,git+https://github.com/sindresorhus/quick-lru.git,https://registry.npmjs.org/%40alloc%2Fquick-lru/5.2.0,lock license equals versioned npm metadata,frontend/package-lock.json:node_modules/@alloc/quick-lru,no
npm,@babel/code-frame,7.29.0,MIT,https://registry.npmjs.org/%40babel%2Fcode-frame/7.29.0,https://github.com/babel/babel.git,https://registry.npmjs.org/%40babel%2Fcode-frame/7.29.0,lock license equals versioned npm metadata,frontend/package-lock.json:node_modules/@babel/code-frame,no
npm,@babel/compat-data,7.29.3,MIT,https://registry.npmjs.org/%40babel%2Fcompat-data/7.29.3,https://github.com/babel/babel.git,https://registry.npmjs.org/%40babel%2Fcompat-data/7.29.3,lock license equals versioned npm metadata,frontend/package-lock.json:node_modules/@babel/compat-data,no
npm,@babel/core,7.29.0,MIT,https://registry.npmjs.org/%40babel%2Fcore/7.29.0,https://github.com/babel/babel.git,https://registry.npmjs.org/%40babel%2Fcore/7.29.0,lock license equals versioned npm metadata,frontend/package-lock.json:node_modules/@babel/core,no
npm,@babel/generator,7.29.1,MIT,https://registry.npmjs.org/%40babel%2Fgenerator/7.29.1,https://github.com/babel/babel.git,https://registry.npmjs.org/%40babel%2Fgenerator/7.29.1,lock license equals versioned npm metadata,frontend/package-lock.json:node_modules/@babel/generator,no
npm,@babel/helper-compilation-targets,7.28.6,MIT,https://registry.npmjs.org/%40babel%2Fhelper-compilation-targets/7.28.6,https://github.com/babel/babel.git,https://registry.npmjs.org/%40babel%2Fhelper-compilation-targets/7.28.6,lock license equals versioned npm metadata,frontend/package-lock.json:node_modules/@babel/helper-compilation-targets,no
npm,@babel/helper-globals,7.28.0,MIT,https://registry.npmjs.org/%40babel%2Fhelper-globals/7.28.0,https://github.com/babel/babel.git,https://registry.npmjs.org/%40babel%2Fhelper-globals/7.28.0,lock license equals versioned npm metadata,frontend/package-lock.json:node_modules/@babel/helper-globals,no
npm,@babel/helper-module-imports,7.28.6,MIT,https://registry.npmjs.org/%40babel%2Fhelper-module-imports/7.28.6,https://github.com/babel/babel.git,https://registry.npmjs.org/%40babel%2Fhelper-module-imports/7.28.6,lock license equals versioned npm metadata,frontend/package-lock.json:node_modules/@babel/helper-module-imports,no
npm,@babel/helper-module-transforms,7.28.6,MIT,https://registry.npmjs.org/%40babel%2Fhelper-module-transforms/7.28.6,https://github.com/babel/babel.git,https://registry.npmjs.org/%40babel%2Fhelper-module-transforms/7.28.6,lock license equals versioned npm metadata,frontend/package-lock.json:node_modules/@babel/helper-module-transforms,no
npm,@babel/helper-string-parser,7.27.1,MIT,https://registry.npmjs.org/%40babel%2Fhelper-string-parser/7.27.1,https://github.com/babel/babel.git,https://registry.npmjs.org/%40babel%2Fhelper-string-parser/7.27.1,lock license equals versioned npm metadata,frontend/package-lock.json:node_modules/@babel/helper-string-parser,no
npm,@babel/helper-validator-identifier,7.28.5,MIT,https://registry.npmjs.org/%40babel%2Fhelper-validator-identifier/7.28.5,https://github.com/babel/babel.git,https://registry.npmjs.org/%40babel%2Fhelper-validator-identifier/7.28.5,lock license equals versioned npm metadata,frontend/package-lock.json:node_modules/@babel/helper-validator-identifier,no
npm,@babel/helper-validator-option,7.27.1,MIT,https://registry.npmjs.org/%40babel%2Fhelper-validator-option/7.27.1,https://github.com/babel/babel.git,https://registry.npmjs.org/%40babel%2Fhelper-validator-option/7.27.1,lock license equals versioned npm metadata,frontend/package-lock.json:node_modules/@babel/helper-validator-option,no
npm,@babel/helpers,7.29.2,MIT,https://registry.npmjs.org/%40babel%2Fhelpers/7.29.2,https://github.com/babel/babel.git,https://registry.npmjs.org/%40babel%2Fhelpers/7.29.2,lock license equals versioned npm metadata,frontend/package-lock.json:node_modules/@babel/helpers,no
npm,@babel/parser,7.29.3,MIT,https://registry.npmjs.org/%40babel%2Fparser/7.29.3,https://github.com/babel/babel.git,https://registry.npmjs.org/%40babel%2Fparser/7.29.3,lock license equals versioned npm metadata,frontend/package-lock.json:node_modules/@babel/parser,no
npm,@babel/template,7.28.6,MIT,https://registry.npmjs.org/%40babel%2Ftemplate/7.28.6,https://github.com/babel/babel.git,https://registry.npmjs.org/%40babel%2Ftemplate/7.28.6,lock license equals versioned npm metadata,frontend/package-lock.json:node_modules/@babel/template,no
npm,@babel/traverse,7.29.0,MIT,https://registry.npmjs.org/%40babel%2Ftraverse/7.29.0,https://github.com/babel/babel.git,https://registry.npmjs.org/%40babel%2Ftraverse/7.29.0,lock license equals versioned npm metadata,frontend/package-lock.json:node_modules/@babel/traverse,no
npm,@babel/types,7.29.0,MIT,https://registry.npmjs.org/%40babel%2Ftypes/7.29.0,https://github.com/babel/babel.git,https://registry.npmjs.org/%40babel%2Ftypes/7.29.0,lock license equals versioned npm metadata,frontend/package-lock.json:node_modules/@babel/types,no
npm,@capacitor/core,8.5.0,MIT,https://registry.npmjs.org/%40capacitor%2Fcore/8.5.0,git+https://github.com/ionic-team/capacitor.git,https://registry.npmjs.org/%40capacitor%2Fcore/8.5.0,lock license equals versioned npm metadata,frontend/package-lock.json:node_modules/@capacitor/core,no
npm,@cloudflare/kv-asset-handler,0.5.0,MIT OR Apache-2.0,https://registry.npmjs.org/%40cloudflare%2Fkv-asset-handler/0.5.0,git+https://github.com/cloudflare/workers-sdk.git,https://registry.npmjs.org/%40cloudflare%2Fkv-asset-handler/0.5.0,lock license equals versioned npm metadata,frontend/package-lock.json:node_modules/@cloudflare/kv-asset-handler,no
npm,@cloudflare/unenv-preset,2.16.1,MIT OR Apache-2.0,https://registry.npmjs.org/%40cloudflare%2Funenv-preset/2.16.1,git+https://github.com/cloudflare/workers-sdk.git,https://registry.npmjs.org/%40cloudflare%2Funenv-preset/2.16.1,lock license equals versioned npm metadata,frontend/package-lock.json:node_modules/@cloudflare/unenv-preset,no
npm,@cloudflare/vite-plugin,1.37.1,MIT,https://registry.npmjs.org/%40cloudflare%2Fvite-plugin/1.37.1,git+https://github.com/cloudflare/workers-sdk.git,https://registry.npmjs.org/%40cloudflare%2Fvite-plugin/1.37.1,lock license equals versioned npm metadata,frontend/package-lock.json:node_modules/@cloudflare/vite-plugin,no
npm,@cloudflare/workerd-darwin-64,1.20260515.1,Apache-2.0,https://registry.npmjs.org/%40cloudflare%2Fworkerd-darwin-64/1.20260515.1,git+https://github.com/cloudflare/workerd.git,https://registry.npmjs.org/%40cloudflare%2Fworkerd-darwin-64/1.20260515.1,lock license equals versioned npm metadata,frontend/package-lock.json:node_modules/@cloudflare/workerd-darwin-64,no
npm,@cloudflare/workerd-darwin-arm64,1.20260515.1,Apache-2.0,https://registry.npmjs.org/%40cloudflare%2Fworkerd-darwin-arm64/1.20260515.1,git+https://github.com/cloudflare/workerd.git,https://registry.npmjs.org/%40cloudflare%2Fworkerd-darwin-arm64/1.20260515.1,lock license equals versioned npm metadata,frontend/package-lock.json:node_modules/@cloudflare/workerd-darwin-arm64,no
npm,@cloudflare/workerd-linux-64,1.20260515.1,Apache-2.0,https://registry.npmjs.org/%40cloudflare%2Fworkerd-linux-64/1.20260515.1,git+https://github.com/cloudflare/workerd.git,https://registry.npmjs.org/%40cloudflare%2Fworkerd-linux-64/1.20260515.1,lock license equals versioned npm metadata,frontend/package-lock.json:node_modules/@cloudflare/workerd-linux-64,no
npm,@cloudflare/workerd-linux-arm64,1.20260515.1,Apache-2.0,https://registry.npmjs.org/%40cloudflare%2Fworkerd-linux-arm64/1.20260515.1,git+https://github.com/cloudflare/workerd.git,https://registry.npmjs.org/%40cloudflare%2Fworkerd-linux-arm64/1.20260515.1,lock license equals versioned npm metadata,frontend/package-lock.json:node_modules/@cloudflare/workerd-linux-arm64,no
npm,@cloudflare/workerd-windows-64,1.20260515.1,Apache-2.0,https://registry.npmjs.org/%40cloudflare%2Fworkerd-windows-64/1.20260515.1,git+https://github.com/cloudflare/workerd.git,https://registry.npmjs.org/%40cloudflare%2Fworkerd-windows-64/1.20260515.1,lock license equals versioned npm metadata,frontend/package-lock.json:node_modules/@cloudflare/workerd-windows-64,no
npm,@cspotcode/source-map-support,0.8.1,MIT,https://registry.npmjs.org/%40cspotcode%2Fsource-map-support/0.8.1,git+https://github.com/cspotcode/node-source-map-support.git,https://registry.npmjs.org/%40cspotcode%2Fsource-map-support/0.8.1,lock license equals versioned npm metadata,frontend/package-lock.json:node_modules/@cspotcode/source-map-support,no
npm,@emnapi/core,1.10.0,MIT,https://registry.npmjs.org/%40emnapi%2Fcore/1.10.0,git+https://github.com/toyobayashi/emnapi.git,https://registry.npmjs.org/%40emnapi%2Fcore/1.10.0,lock license equals versioned npm metadata,frontend/package-lock.json:node_modules/@emnapi/core,no
npm,@emnapi/core,1.8.1,MIT,https://registry.npmjs.org/%40emnapi%2Fcore/1.8.1,git+https://github.com/toyobayashi/emnapi.git,https://registry.npmjs.org/%40emnapi%2Fcore/1.8.1,lock license equals versioned npm metadata,frontend/package-lock.json:node_modules/@tailwindcss/oxide-wasm32-wasi/node_modules/@emnapi/core,no
npm,@emnapi/runtime,1.10.0,MIT,https://registry.npmjs.org/%40emnapi%2Fruntime/1.10.0,git+https://github.com/toyobayashi/emnapi.git,https://registry.npmjs.org/%40emnapi%2Fruntime/1.10.0,lock license equals versioned npm metadata,frontend/package-lock.json:node_modules/@emnapi/runtime,no
npm,@emnapi/runtime,1.8.1,MIT,https://registry.npmjs.org/%40emnapi%2Fruntime/1.8.1,git+https://github.com/toyobayashi/emnapi.git,https://registry.npmjs.org/%40emnapi%2Fruntime/1.8.1,lock license equals versioned npm metadata,frontend/package-lock.json:node_modules/@tailwindcss/oxide-wasm32-wasi/node_modules/@emnapi/runtime,no
npm,@emnapi/wasi-threads,1.1.0,MIT,https://registry.npmjs.org/%40emnapi%2Fwasi-threads/1.1.0,git+https://github.com/toyobayashi/emnapi.git,https://registry.npmjs.org/%40emnapi%2Fwasi-threads/1.1.0,lock license equals versioned npm metadata,frontend/package-lock.json:node_modules/@tailwindcss/oxide-wasm32-wasi/node_modules/@emnapi/wasi-threads,no
npm,@emnapi/wasi-threads,1.2.1,MIT,https://registry.npmjs.org/%40emnapi%2Fwasi-threads/1.2.1,git+https://github.com/toyobayashi/emnapi.git,https://registry.npmjs.org/%40emnapi%2Fwasi-threads/1.2.1,lock license equals versioned npm metadata,frontend/package-lock.json:node_modules/@emnapi/wasi-threads,no
npm,@epic-web/invariant,1.0.0,MIT,https://registry.npmjs.org/%40epic-web%2Finvariant/1.0.0,git+https://github.com/epicweb-dev/invariant.git,https://registry.npmjs.org/%40epic-web%2Finvariant/1.0.0,lock license equals versioned npm metadata,frontend/package-lock.json:node_modules/@epic-web/invariant,no
npm,@esbuild/aix-ppc64,0.27.3,MIT,https://registry.npmjs.org/%40esbuild%2Faix-ppc64/0.27.3,git+https://github.com/evanw/esbuild.git,https://registry.npmjs.org/%40esbuild%2Faix-ppc64/0.27.3,lock license equals versioned npm metadata,frontend/package-lock.json:node_modules/wrangler/node_modules/@esbuild/aix-ppc64,no
npm,@esbuild/android-arm,0.27.3,MIT,https://registry.npmjs.org/%40esbuild%2Fandroid-arm/0.27.3,git+https://github.com/evanw/esbuild.git,https://registry.npmjs.org/%40esbuild%2Fandroid-arm/0.27.3,lock license equals versioned npm metadata,frontend/package-lock.json:node_modules/wrangler/node_modules/@esbuild/android-arm,no
npm,@esbuild/android-arm64,0.27.3,MIT,https://registry.npmjs.org/%40esbuild%2Fandroid-arm64/0.27.3,git+https://github.com/evanw/esbuild.git,https://registry.npmjs.org/%40esbuild%2Fandroid-arm64/0.27.3,lock license equals versioned npm metadata,frontend/package-lock.json:node_modules/wrangler/node_modules/@esbuild/android-arm64,no
npm,@esbuild/android-x64,0.27.3,MIT,https://registry.npmjs.org/%40esbuild%2Fandroid-x64/0.27.3,git+https://github.com/evanw/esbuild.git,https://registry.npmjs.org/%40esbuild%2Fandroid-x64/0.27.3,lock license equals versioned npm metadata,frontend/package-lock.json:node_modules/wrangler/node_modules/@esbuild/android-x64,no
npm,@esbuild/darwin-arm64,0.27.3,MIT,https://registry.npmjs.org/%40esbuild%2Fdarwin-arm64/0.27.3,git+https://github.com/evanw/esbuild.git,https://registry.npmjs.org/%40esbuild%2Fdarwin-arm64/0.27.3,lock license equals versioned npm metadata,frontend/package-lock.json:node_modules/wrangler/node_modules/@esbuild/darwin-arm64,no
npm,@esbuild/darwin-x64,0.27.3,MIT,https://registry.npmjs.org/%40esbuild%2Fdarwin-x64/0.27.3,git+https://github.com/evanw/esbuild.git,https://registry.npmjs.org/%40esbuild%2Fdarwin-x64/0.27.3,lock license equals versioned npm metadata,frontend/package-lock.json:node_modules/wrangler/node_modules/@esbuild/darwin-x64,no
npm,@esbuild/freebsd-arm64,0.27.3,MIT,https://registry.npmjs.org/%40esbuild%2Ffreebsd-arm64/0.27.3,git+https://github.com/evanw/esbuild.git,https://registry.npmjs.org/%40esbuild%2Ffreebsd-arm64/0.27.3,lock license equals versioned npm metadata,frontend/package-lock.json:node_modules/wrangler/node_modules/@esbuild/freebsd-arm64,no
npm,@esbuild/freebsd-x64,0.27.3,MIT,https://registry.npmjs.org/%40esbuild%2Ffreebsd-x64/0.27.3,git+https://github.com/evanw/esbuild.git,https://registry.npmjs.org/%40esbuild%2Ffreebsd-x64/0.27.3,lock license equals versioned npm metadata,frontend/package-lock.json:node_modules/wrangler/node_modules/@esbuild/freebsd-x64,no
npm,@esbuild/linux-arm,0.27.3,MIT,https://registry.npmjs.org/%40esbuild%2Flinux-arm/0.27.3,git+https://github.com/evanw/esbuild.git,https://registry.npmjs.org/%40esbuild%2Flinux-arm/0.27.3,lock license equals versioned npm metadata,frontend/package-lock.json:node_modules/wrangler/node_modules/@esbuild/linux-arm,no
npm,@esbuild/linux-arm64,0.27.3,MIT,https://registry.npmjs.org/%40esbuild%2Flinux-arm64/0.27.3,git+https://github.com/evanw/esbuild.git,https://registry.npmjs.org/%40esbuild%2Flinux-arm64/0.27.3,lock license equals versioned npm metadata,frontend/package-lock.json:node_modules/wrangler/node_modules/@esbuild/linux-arm64,no
npm,@esbuild/linux-ia32,0.27.3,MIT,https://registry.npmjs.org/%40esbuild%2Flinux-ia32/0.27.3,git+https://github.com/evanw/esbuild.git,https://registry.npmjs.org/%40esbuild%2Flinux-ia32/0.27.3,lock license equals versioned npm metadata,frontend/package-lock.json:node_modules/wrangler/node_modules/@esbuild/linux-ia32,no
npm,@esbuild/linux-loong64,0.27.3,MIT,https://registry.npmjs.org/%40esbuild%2Flinux-loong64/0.27.3,git+https://github.com/evanw/esbuild.git,https://registry.npmjs.org/%40esbuild%2Flinux-loong64/0.27.3,lock license equals versioned npm metadata,frontend/package-lock.json:node_modules/wrangler/node_modules/@esbuild/linux-loong64,no
npm,@esbuild/linux-mips64el,0.27.3,MIT,https://registry.npmjs.org/%40esbuild%2Flinux-mips64el/0.27.3,git+https://github.com/evanw/esbuild.git,https://registry.npmjs.org/%40esbuild%2Flinux-mips64el/0.27.3,lock license equals versioned npm metadata,frontend/package-lock.json:node_modules/wrangler/node_modules/@esbuild/linux-mips64el,no
npm,@esbuild/linux-ppc64,0.27.3,MIT,https://registry.npmjs.org/%40esbuild%2Flinux-ppc64/0.27.3,git+https://github.com/evanw/esbuild.git,https://registry.npmjs.org/%40esbuild%2Flinux-ppc64/0.27.3,lock license equals versioned npm metadata,frontend/package-lock.json:node_modules/wrangler/node_modules/@esbuild/linux-ppc64,no
npm,@esbuild/linux-riscv64,0.27.3,MIT,https://registry.npmjs.org/%40esbuild%2Flinux-riscv64/0.27.3,git+https://github.com/evanw/esbuild.git,https://registry.npmjs.org/%40esbuild%2Flinux-riscv64/0.27.3,lock license equals versioned npm metadata,frontend/package-lock.json:node_modules/wrangler/node_modules/@esbuild/linux-riscv64,no
npm,@esbuild/linux-s390x,0.27.3,MIT,https://registry.npmjs.org/%40esbuild%2Flinux-s390x/0.27.3,git+https://github.com/evanw/esbuild.git,https://registry.npmjs.org/%40esbuild%2Flinux-s390x/0.27.3,lock license equals versioned npm metadata,frontend/package-lock.json:node_modules/wrangler/node_modules/@esbuild/linux-s390x,no
npm,@esbuild/linux-x64,0.27.3,MIT,https://registry.npmjs.org/%40esbuild%2Flinux-x64/0.27.3,git+https://github.com/evanw/esbuild.git,https://registry.npmjs.org/%40esbuild%2Flinux-x64/0.27.3,lock license equals versioned npm metadata,frontend/package-lock.json:node_modules/wrangler/node_modules/@esbuild/linux-x64,no
npm,@esbuild/netbsd-arm64,0.27.3,MIT,https://registry.npmjs.org/%40esbuild%2Fnetbsd-arm64/0.27.3,git+https://github.com/evanw/esbuild.git,https://registry.npmjs.org/%40esbuild%2Fnetbsd-arm64/0.27.3,lock license equals versioned npm metadata,frontend/package-lock.json:node_modules/wrangler/node_modules/@esbuild/netbsd-arm64,no
npm,@esbuild/netbsd-x64,0.27.3,MIT,https://registry.npmjs.org/%40esbuild%2Fnetbsd-x64/0.27.3,git+https://github.com/evanw/esbuild.git,https://registry.npmjs.org/%40esbuild%2Fnetbsd-x64/0.27.3,lock license equals versioned npm metadata,frontend/package-lock.json:node_modules/wrangler/node_modules/@esbuild/netbsd-x64,no
npm,@esbuild/openbsd-arm64,0.27.3,MIT,https://registry.npmjs.org/%40esbuild%2Fopenbsd-arm64/0.27.3,git+https://github.com/evanw/esbuild.git,https://registry.npmjs.org/%40esbuild%2Fopenbsd-arm64/0.27.3,lock license equals versioned npm metadata,frontend/package-lock.json:node_modules/wrangler/node_modules/@esbuild/openbsd-arm64,no
npm,@esbuild/openbsd-x64,0.27.3,MIT,https://registry.npmjs.org/%40esbuild%2Fopenbsd-x64/0.27.3,git+https://github.com/evanw/esbuild.git,https://registry.npmjs.org/%40esbuild%2Fopenbsd-x64/0.27.3,lock license equals versioned npm metadata,frontend/package-lock.json:node_modules/wrangler/node_modules/@esbuild/openbsd-x64,no
npm,@esbuild/openharmony-arm64,0.27.3,MIT,https://registry.npmjs.org/%40esbuild%2Fopenharmony-arm64/0.27.3,git+https://github.com/evanw/esbuild.git,https://registry.npmjs.org/%40esbuild%2Fopenharmony-arm64/0.27.3,lock license equals versioned npm metadata,frontend/package-lock.json:node_modules/wrangler/node_modules/@esbuild/openharmony-arm64,no
npm,@esbuild/sunos-x64,0.27.3,MIT,https://registry.npmjs.org/%40esbuild%2Fsunos-x64/0.27.3,git+https://github.com/evanw/esbuild.git,https://registry.npmjs.org/%40esbuild%2Fsunos-x64/0.27.3,lock license equals versioned npm metadata,frontend/package-lock.json:node_modules/wrangler/node_modules/@esbuild/sunos-x64,no
npm,@esbuild/win32-arm64,0.27.3,MIT,https://registry.npmjs.org/%40esbuild%2Fwin32-arm64/0.27.3,git+https://github.com/evanw/esbuild.git,https://registry.npmjs.org/%40esbuild%2Fwin32-arm64/0.27.3,lock license equals versioned npm metadata,frontend/package-lock.json:node_modules/wrangler/node_modules/@esbuild/win32-arm64,no
npm,@esbuild/win32-ia32,0.27.3,MIT,https://registry.npmjs.org/%40esbuild%2Fwin32-ia32/0.27.3,git+https://github.com/evanw/esbuild.git,https://registry.npmjs.org/%40esbuild%2Fwin32-ia32/0.27.3,lock license equals versioned npm metadata,frontend/package-lock.json:node_modules/wrangler/node_modules/@esbuild/win32-ia32,no
npm,@esbuild/win32-x64,0.27.3,MIT,https://registry.npmjs.org/%40esbuild%2Fwin32-x64/0.27.3,git+https://github.com/evanw/esbuild.git,https://registry.npmjs.org/%40esbuild%2Fwin32-x64/0.27.3,lock license equals versioned npm metadata,frontend/package-lock.json:node_modules/wrangler/node_modules/@esbuild/win32-x64,no
npm,@eslint-community/eslint-utils,4.9.1,MIT,https://registry.npmjs.org/%40eslint-community%2Feslint-utils/4.9.1,git+https://github.com/eslint-community/eslint-utils.git,https://registry.npmjs.org/%40eslint-community%2Feslint-utils/4.9.1,lock license equals versioned npm metadata,frontend/package-lock.json:node_modules/@eslint-community/eslint-utils,no
npm,@eslint-community/regexpp,4.12.2,MIT,https://registry.npmjs.org/%40eslint-community%2Fregexpp/4.12.2,git+https://github.com/eslint-community/regexpp.git,https://registry.npmjs.org/%40eslint-community%2Fregexpp/4.12.2,lock license equals versioned npm metadata,frontend/package-lock.json:node_modules/@eslint-community/regexpp,no
npm,@eslint/config-array,0.21.2,Apache-2.0,https://registry.npmjs.org/%40eslint%2Fconfig-array/0.21.2,git+https://github.com/eslint/rewrite.git,https://registry.npmjs.org/%40eslint%2Fconfig-array/0.21.2,lock license equals versioned npm metadata,frontend/package-lock.json:node_modules/@eslint/config-array,no
npm,@eslint/config-helpers,0.4.2,Apache-2.0,https://registry.npmjs.org/%40eslint%2Fconfig-helpers/0.4.2,git+https://github.com/eslint/rewrite.git,https://registry.npmjs.org/%40eslint%2Fconfig-helpers/0.4.2,lock license equals versioned npm metadata,frontend/package-lock.json:node_modules/@eslint/config-helpers,no
npm,@eslint/core,0.17.0,Apache-2.0,https://registry.npmjs.org/%40eslint%2Fcore/0.17.0,git+https://github.com/eslint/rewrite.git,https://registry.npmjs.org/%40eslint%2Fcore/0.17.0,lock license equals versioned npm metadata,frontend/package-lock.json:node_modules/@eslint/core,no
npm,@eslint/eslintrc,3.3.5,MIT,https://registry.npmjs.org/%40eslint%2Feslintrc/3.3.5,git+https://github.com/eslint/eslintrc.git,https://registry.npmjs.org/%40eslint%2Feslintrc/3.3.5,lock license equals versioned npm metadata,frontend/package-lock.json:node_modules/@eslint/eslintrc,no
npm,@eslint/js,9.39.4,MIT,https://registry.npmjs.org/%40eslint%2Fjs/9.39.4,git+https://github.com/eslint/eslint.git,https://registry.npmjs.org/%40eslint%2Fjs/9.39.4,lock license equals versioned npm metadata,frontend/package-lock.json:node_modules/@eslint/js,no
npm,@eslint/object-schema,2.1.7,Apache-2.0,https://registry.npmjs.org/%40eslint%2Fobject-schema/2.1.7,git+https://github.com/eslint/rewrite.git,https://registry.npmjs.org/%40eslint%2Fobject-schema/2.1.7,lock license equals versioned npm metadata,frontend/package-lock.json:node_modules/@eslint/object-schema,no
npm,@eslint/plugin-kit,0.4.1,Apache-2.0,https://registry.npmjs.org/%40eslint%2Fplugin-kit/0.4.1,git+https://github.com/eslint/rewrite.git,https://registry.npmjs.org/%40eslint%2Fplugin-kit/0.4.1,lock license equals versioned npm metadata,frontend/package-lock.json:node_modules/@eslint/plugin-kit,no
npm,@humanfs/core,0.19.2,Apache-2.0,https://registry.npmjs.org/%40humanfs%2Fcore/0.19.2,git+https://github.com/humanwhocodes/humanfs.git,https://registry.npmjs.org/%40humanfs%2Fcore/0.19.2,lock license equals versioned npm metadata,frontend/package-lock.json:node_modules/@humanfs/core,no
npm,@humanfs/node,0.16.8,Apache-2.0,https://registry.npmjs.org/%40humanfs%2Fnode/0.16.8,git+https://github.com/humanwhocodes/humanfs.git,https://registry.npmjs.org/%40humanfs%2Fnode/0.16.8,lock license equals versioned npm metadata,frontend/package-lock.json:node_modules/@humanfs/node,no
npm,@humanfs/types,0.15.0,Apache-2.0,https://registry.npmjs.org/%40humanfs%2Ftypes/0.15.0,git+https://github.com/humanwhocodes/humanfs.git,https://registry.npmjs.org/%40humanfs%2Ftypes/0.15.0,lock license equals versioned npm metadata,frontend/package-lock.json:node_modules/@humanfs/types,no
npm,@humanwhocodes/module-importer,1.0.1,Apache-2.0,https://registry.npmjs.org/%40humanwhocodes%2Fmodule-importer/1.0.1,git+https://github.com/humanwhocodes/module-importer.git,https://registry.npmjs.org/%40humanwhocodes%2Fmodule-importer/1.0.1,lock license equals versioned npm metadata,frontend/package-lock.json:node_modules/@humanwhocodes/module-importer,no
npm,@humanwhocodes/retry,0.4.3,Apache-2.0,https://registry.npmjs.org/%40humanwhocodes%2Fretry/0.4.3,git+https://github.com/humanwhocodes/retry.git,https://registry.npmjs.org/%40humanwhocodes%2Fretry/0.4.3,lock license equals versioned npm metadata,frontend/package-lock.json:node_modules/@humanwhocodes/retry,no
npm,@img/colour,1.1.0,MIT,https://registry.npmjs.org/%40img%2Fcolour/1.1.0,git+https://github.com/lovell/colour.git,https://registry.npmjs.org/%40img%2Fcolour/1.1.0,lock license equals versioned npm metadata,frontend/package-lock.json:node_modules/@img/colour,no
npm,@img/sharp-darwin-arm64,0.34.5,Apache-2.0,https://registry.npmjs.org/%40img%2Fsharp-darwin-arm64/0.34.5,git+https://github.com/lovell/sharp.git,https://registry.npmjs.org/%40img%2Fsharp-darwin-arm64/0.34.5,lock license equals versioned npm metadata,frontend/package-lock.json:node_modules/@img/sharp-darwin-arm64,no
npm,@img/sharp-darwin-x64,0.34.5,Apache-2.0,https://registry.npmjs.org/%40img%2Fsharp-darwin-x64/0.34.5,git+https://github.com/lovell/sharp.git,https://registry.npmjs.org/%40img%2Fsharp-darwin-x64/0.34.5,lock license equals versioned npm metadata,frontend/package-lock.json:node_modules/@img/sharp-darwin-x64,no
npm,@img/sharp-libvips-darwin-arm64,1.2.4,LGPL-3.0-or-later,https://registry.npmjs.org/%40img%2Fsharp-libvips-darwin-arm64/1.2.4,git+https://github.com/lovell/sharp-libvips.git,https://registry.npmjs.org/%40img%2Fsharp-libvips-darwin-arm64/1.2.4,lock license equals versioned npm metadata,frontend/package-lock.json:node_modules/@img/sharp-libvips-darwin-arm64,no
npm,@img/sharp-libvips-darwin-x64,1.2.4,LGPL-3.0-or-later,https://registry.npmjs.org/%40img%2Fsharp-libvips-darwin-x64/1.2.4,git+https://github.com/lovell/sharp-libvips.git,https://registry.npmjs.org/%40img%2Fsharp-libvips-darwin-x64/1.2.4,lock license equals versioned npm metadata,frontend/package-lock.json:node_modules/@img/sharp-libvips-darwin-x64,no
npm,@img/sharp-libvips-linux-arm,1.2.4,LGPL-3.0-or-later,https://registry.npmjs.org/%40img%2Fsharp-libvips-linux-arm/1.2.4,git+https://github.com/lovell/sharp-libvips.git,https://registry.npmjs.org/%40img%2Fsharp-libvips-linux-arm/1.2.4,lock license equals versioned npm metadata,frontend/package-lock.json:node_modules/@img/sharp-libvips-linux-arm,no
npm,@img/sharp-libvips-linux-arm64,1.2.4,LGPL-3.0-or-later,https://registry.npmjs.org/%40img%2Fsharp-libvips-linux-arm64/1.2.4,git+https://github.com/lovell/sharp-libvips.git,https://registry.npmjs.org/%40img%2Fsharp-libvips-linux-arm64/1.2.4,lock license equals versioned npm metadata,frontend/package-lock.json:node_modules/@img/sharp-libvips-linux-arm64,no
npm,@img/sharp-libvips-linux-ppc64,1.2.4,LGPL-3.0-or-later,https://registry.npmjs.org/%40img%2Fsharp-libvips-linux-ppc64/1.2.4,git+https://github.com/lovell/sharp-libvips.git,https://registry.npmjs.org/%40img%2Fsharp-libvips-linux-ppc64/1.2.4,lock license equals versioned npm metadata,frontend/package-lock.json:node_modules/@img/sharp-libvips-linux-ppc64,no
npm,@img/sharp-libvips-linux-riscv64,1.2.4,LGPL-3.0-or-later,https://registry.npmjs.org/%40img%2Fsharp-libvips-linux-riscv64/1.2.4,git+https://github.com/lovell/sharp-libvips.git,https://registry.npmjs.org/%40img%2Fsharp-libvips-linux-riscv64/1.2.4,lock license equals versioned npm metadata,frontend/package-lock.json:node_modules/@img/sharp-libvips-linux-riscv64,no
npm,@img/sharp-libvips-linux-s390x,1.2.4,LGPL-3.0-or-later,https://registry.npmjs.org/%40img%2Fsharp-libvips-linux-s390x/1.2.4,git+https://github.com/lovell/sharp-libvips.git,https://registry.npmjs.org/%40img%2Fsharp-libvips-linux-s390x/1.2.4,lock license equals versioned npm metadata,frontend/package-lock.json:node_modules/@img/sharp-libvips-linux-s390x,no
npm,@img/sharp-libvips-linux-x64,1.2.4,LGPL-3.0-or-later,https://registry.npmjs.org/%40img%2Fsharp-libvips-linux-x64/1.2.4,git+https://github.com/lovell/sharp-libvips.git,https://registry.npmjs.org/%40img%2Fsharp-libvips-linux-x64/1.2.4,lock license equals versioned npm metadata,frontend/package-lock.json:node_modules/@img/sharp-libvips-linux-x64,no
npm,@img/sharp-libvips-linuxmusl-arm64,1.2.4,LGPL-3.0-or-later,https://registry.npmjs.org/%40img%2Fsharp-libvips-linuxmusl-arm64/1.2.4,git+https://github.com/lovell/sharp-libvips.git,https://registry.npmjs.org/%40img%2Fsharp-libvips-linuxmusl-arm64/1.2.4,lock license equals versioned npm metadata,frontend/package-lock.json:node_modules/@img/sharp-libvips-linuxmusl-arm64,no
npm,@img/sharp-libvips-linuxmusl-x64,1.2.4,LGPL-3.0-or-later,https://registry.npmjs.org/%40img%2Fsharp-libvips-linuxmusl-x64/1.2.4,git+https://github.com/lovell/sharp-libvips.git,https://registry.npmjs.org/%40img%2Fsharp-libvips-linuxmusl-x64/1.2.4,lock license equals versioned npm metadata,frontend/package-lock.json:node_modules/@img/sharp-libvips-linuxmusl-x64,no
npm,@img/sharp-linux-arm,0.34.5,Apache-2.0,https://registry.npmjs.org/%40img%2Fsharp-linux-arm/0.34.5,git+https://github.com/lovell/sharp.git,https://registry.npmjs.org/%40img%2Fsharp-linux-arm/0.34.5,lock license equals versioned npm metadata,frontend/package-lock.json:node_modules/@img/sharp-linux-arm,no
npm,@img/sharp-linux-arm64,0.34.5,Apache-2.0,https://registry.npmjs.org/%40img%2Fsharp-linux-arm64/0.34.5,git+https://github.com/lovell/sharp.git,https://registry.npmjs.org/%40img%2Fsharp-linux-arm64/0.34.5,lock license equals versioned npm metadata,frontend/package-lock.json:node_modules/@img/sharp-linux-arm64,no
npm,@img/sharp-linux-ppc64,0.34.5,Apache-2.0,https://registry.npmjs.org/%40img%2Fsharp-linux-ppc64/0.34.5,git+https://github.com/lovell/sharp.git,https://registry.npmjs.org/%40img%2Fsharp-linux-ppc64/0.34.5,lock license equals versioned npm metadata,frontend/package-lock.json:node_modules/@img/sharp-linux-ppc64,no
npm,@img/sharp-linux-riscv64,0.34.5,Apache-2.0,https://registry.npmjs.org/%40img%2Fsharp-linux-riscv64/0.34.5,git+https://github.com/lovell/sharp.git,https://registry.npmjs.org/%40img%2Fsharp-linux-riscv64/0.34.5,lock license equals versioned npm metadata,frontend/package-lock.json:node_modules/@img/sharp-linux-riscv64,no
npm,@img/sharp-linux-s390x,0.34.5,Apache-2.0,https://registry.npmjs.org/%40img%2Fsharp-linux-s390x/0.34.5,git+https://github.com/lovell/sharp.git,https://registry.npmjs.org/%40img%2Fsharp-linux-s390x/0.34.5,lock license equals versioned npm metadata,frontend/package-lock.json:node_modules/@img/sharp-linux-s390x,no
npm,@img/sharp-linux-x64,0.34.5,Apache-2.0,https://registry.npmjs.org/%40img%2Fsharp-linux-x64/0.34.5,git+https://github.com/lovell/sharp.git,https://registry.npmjs.org/%40img%2Fsharp-linux-x64/0.34.5,lock license equals versioned npm metadata,frontend/package-lock.json:node_modules/@img/sharp-linux-x64,no
npm,@img/sharp-linuxmusl-arm64,0.34.5,Apache-2.0,https://registry.npmjs.org/%40img%2Fsharp-linuxmusl-arm64/0.34.5,git+https://github.com/lovell/sharp.git,https://registry.npmjs.org/%40img%2Fsharp-linuxmusl-arm64/0.34.5,lock license equals versioned npm metadata,frontend/package-lock.json:node_modules/@img/sharp-linuxmusl-arm64,no
npm,@img/sharp-linuxmusl-x64,0.34.5,Apache-2.0,https://registry.npmjs.org/%40img%2Fsharp-linuxmusl-x64/0.34.5,git+https://github.com/lovell/sharp.git,https://registry.npmjs.org/%40img%2Fsharp-linuxmusl-x64/0.34.5,lock license equals versioned npm metadata,frontend/package-lock.json:node_modules/@img/sharp-linuxmusl-x64,no
npm,@img/sharp-wasm32,0.34.5,Apache-2.0 AND LGPL-3.0-or-later AND MIT,https://registry.npmjs.org/%40img%2Fsharp-wasm32/0.34.5,git+https://github.com/lovell/sharp.git,https://registry.npmjs.org/%40img%2Fsharp-wasm32/0.34.5,lock license equals versioned npm metadata,frontend/package-lock.json:node_modules/@img/sharp-wasm32,no
npm,@img/sharp-win32-arm64,0.34.5,Apache-2.0 AND LGPL-3.0-or-later,https://registry.npmjs.org/%40img%2Fsharp-win32-arm64/0.34.5,git+https://github.com/lovell/sharp.git,https://registry.npmjs.org/%40img%2Fsharp-win32-arm64/0.34.5,lock license equals versioned npm metadata,frontend/package-lock.json:node_modules/@img/sharp-win32-arm64,no
npm,@img/sharp-win32-ia32,0.34.5,Apache-2.0 AND LGPL-3.0-or-later,https://registry.npmjs.org/%40img%2Fsharp-win32-ia32/0.34.5,git+https://github.com/lovell/sharp.git,https://registry.npmjs.org/%40img%2Fsharp-win32-ia32/0.34.5,lock license equals versioned npm metadata,frontend/package-lock.json:node_modules/@img/sharp-win32-ia32,no
npm,@img/sharp-win32-x64,0.34.5,Apache-2.0 AND LGPL-3.0-or-later,https://registry.npmjs.org/%40img%2Fsharp-win32-x64/0.34.5,git+https://github.com/lovell/sharp.git,https://registry.npmjs.org/%40img%2Fsharp-win32-x64/0.34.5,lock license equals versioned npm metadata,frontend/package-lock.json:node_modules/@img/sharp-win32-x64,no
npm,@jridgewell/gen-mapping,0.3.13,MIT,https://registry.npmjs.org/%40jridgewell%2Fgen-mapping/0.3.13,git+https://github.com/jridgewell/sourcemaps.git,https://registry.npmjs.org/%40jridgewell%2Fgen-mapping/0.3.13,lock license equals versioned npm metadata,frontend/package-lock.json:node_modules/@jridgewell/gen-mapping,no
npm,@jridgewell/remapping,2.3.5,MIT,https://registry.npmjs.org/%40jridgewell%2Fremapping/2.3.5,git+https://github.com/jridgewell/sourcemaps.git,https://registry.npmjs.org/%40jridgewell%2Fremapping/2.3.5,lock license equals versioned npm metadata,frontend/package-lock.json:node_modules/@jridgewell/remapping,no
npm,@jridgewell/resolve-uri,3.1.2,MIT,https://registry.npmjs.org/%40jridgewell%2Fresolve-uri/3.1.2,git+https://github.com/jridgewell/resolve-uri.git,https://registry.npmjs.org/%40jridgewell%2Fresolve-uri/3.1.2,lock license equals versioned npm metadata,frontend/package-lock.json:node_modules/@jridgewell/resolve-uri,no
npm,@jridgewell/source-map,0.3.11,MIT,https://registry.npmjs.org/%40jridgewell%2Fsource-map/0.3.11,git+https://github.com/jridgewell/sourcemaps.git,https://registry.npmjs.org/%40jridgewell%2Fsource-map/0.3.11,lock license equals versioned npm metadata,frontend/package-lock.json:node_modules/@jridgewell/source-map,no
npm,@jridgewell/sourcemap-codec,1.5.5,MIT,https://registry.npmjs.org/%40jridgewell%2Fsourcemap-codec/1.5.5,git+https://github.com/jridgewell/sourcemaps.git,https://registry.npmjs.org/%40jridgewell%2Fsourcemap-codec/1.5.5,lock license equals versioned npm metadata,frontend/package-lock.json:node_modules/@jridgewell/sourcemap-codec,no
npm,@jridgewell/trace-mapping,0.3.31,MIT,https://registry.npmjs.org/%40jridgewell%2Ftrace-mapping/0.3.31,git+https://github.com/jridgewell/sourcemaps.git,https://registry.npmjs.org/%40jridgewell%2Ftrace-mapping/0.3.31,lock license equals versioned npm metadata,frontend/package-lock.json:node_modules/@jridgewell/trace-mapping,no
npm,@jridgewell/trace-mapping,0.3.9,MIT,https://registry.npmjs.org/%40jridgewell%2Ftrace-mapping/0.3.9,git+https://github.com/jridgewell/trace-mapping.git,https://registry.npmjs.org/%40jridgewell%2Ftrace-mapping/0.3.9,lock license equals versioned npm metadata,frontend/package-lock.json:node_modules/@cspotcode/source-map-support/node_modules/@jridgewell/trace-mapping,no
npm,@napi-rs/canvas,1.0.3,MIT,https://registry.npmjs.org/%40napi-rs%2Fcanvas/1.0.3,git+https://github.com/Brooooooklyn/canvas.git,https://registry.npmjs.org/%40napi-rs%2Fcanvas/1.0.3,lock license equals versioned npm metadata,frontend/package-lock.json:node_modules/@napi-rs/canvas,no
npm,@napi-rs/canvas-android-arm64,1.0.3,MIT,https://registry.npmjs.org/%40napi-rs%2Fcanvas-android-arm64/1.0.3,git+https://github.com/Brooooooklyn/canvas.git,https://registry.npmjs.org/%40napi-rs%2Fcanvas-android-arm64/1.0.3,lock license equals versioned npm metadata,frontend/package-lock.json:node_modules/@napi-rs/canvas-android-arm64,no
npm,@napi-rs/canvas-darwin-arm64,1.0.3,MIT,https://registry.npmjs.org/%40napi-rs%2Fcanvas-darwin-arm64/1.0.3,git+https://github.com/Brooooooklyn/canvas.git,https://registry.npmjs.org/%40napi-rs%2Fcanvas-darwin-arm64/1.0.3,lock license equals versioned npm metadata,frontend/package-lock.json:node_modules/@napi-rs/canvas-darwin-arm64,no
npm,@napi-rs/canvas-darwin-x64,1.0.3,MIT,https://registry.npmjs.org/%40napi-rs%2Fcanvas-darwin-x64/1.0.3,git+https://github.com/Brooooooklyn/canvas.git,https://registry.npmjs.org/%40napi-rs%2Fcanvas-darwin-x64/1.0.3,lock license equals versioned npm metadata,frontend/package-lock.json:node_modules/@napi-rs/canvas-darwin-x64,no
npm,@napi-rs/canvas-linux-arm-gnueabihf,1.0.3,MIT,https://registry.npmjs.org/%40napi-rs%2Fcanvas-linux-arm-gnueabihf/1.0.3,git+https://github.com/Brooooooklyn/canvas.git,https://registry.npmjs.org/%40napi-rs%2Fcanvas-linux-arm-gnueabihf/1.0.3,lock license equals versioned npm metadata,frontend/package-lock.json:node_modules/@napi-rs/canvas-linux-arm-gnueabihf,no
npm,@napi-rs/canvas-linux-arm64-gnu,1.0.3,MIT,https://registry.npmjs.org/%40napi-rs%2Fcanvas-linux-arm64-gnu/1.0.3,git+https://github.com/Brooooooklyn/canvas.git,https://registry.npmjs.org/%40napi-rs%2Fcanvas-linux-arm64-gnu/1.0.3,lock license equals versioned npm metadata,frontend/package-lock.json:node_modules/@napi-rs/canvas-linux-arm64-gnu,no
npm,@napi-rs/canvas-linux-arm64-musl,1.0.3,MIT,https://registry.npmjs.org/%40napi-rs%2Fcanvas-linux-arm64-musl/1.0.3,git+https://github.com/Brooooooklyn/canvas.git,https://registry.npmjs.org/%40napi-rs%2Fcanvas-linux-arm64-musl/1.0.3,lock license equals versioned npm metadata,frontend/package-lock.json:node_modules/@napi-rs/canvas-linux-arm64-musl,no
npm,@napi-rs/canvas-linux-riscv64-gnu,1.0.3,MIT,https://registry.npmjs.org/%40napi-rs%2Fcanvas-linux-riscv64-gnu/1.0.3,git+https://github.com/Brooooooklyn/canvas.git,https://registry.npmjs.org/%40napi-rs%2Fcanvas-linux-riscv64-gnu/1.0.3,lock license equals versioned npm metadata,frontend/package-lock.json:node_modules/@napi-rs/canvas-linux-riscv64-gnu,no
npm,@napi-rs/canvas-linux-x64-gnu,1.0.3,MIT,https://registry.npmjs.org/%40napi-rs%2Fcanvas-linux-x64-gnu/1.0.3,git+https://github.com/Brooooooklyn/canvas.git,https://registry.npmjs.org/%40napi-rs%2Fcanvas-linux-x64-gnu/1.0.3,lock license equals versioned npm metadata,frontend/package-lock.json:node_modules/@napi-rs/canvas-linux-x64-gnu,no
npm,@napi-rs/canvas-linux-x64-musl,1.0.3,MIT,https://registry.npmjs.org/%40napi-rs%2Fcanvas-linux-x64-musl/1.0.3,git+https://github.com/Brooooooklyn/canvas.git,https://registry.npmjs.org/%40napi-rs%2Fcanvas-linux-x64-musl/1.0.3,lock license equals versioned npm metadata,frontend/package-lock.json:node_modules/@napi-rs/canvas-linux-x64-musl,no
npm,@napi-rs/canvas-win32-arm64-msvc,1.0.3,MIT,https://registry.npmjs.org/%40napi-rs%2Fcanvas-win32-arm64-msvc/1.0.3,git+https://github.com/Brooooooklyn/canvas.git,https://registry.npmjs.org/%40napi-rs%2Fcanvas-win32-arm64-msvc/1.0.3,lock license equals versioned npm metadata,frontend/package-lock.json:node_modules/@napi-rs/canvas-win32-arm64-msvc,no
npm,@napi-rs/canvas-win32-x64-msvc,1.0.3,MIT,https://registry.npmjs.org/%40napi-rs%2Fcanvas-win32-x64-msvc/1.0.3,git+https://github.com/Brooooooklyn/canvas.git,https://registry.npmjs.org/%40napi-rs%2Fcanvas-win32-x64-msvc/1.0.3,lock license equals versioned npm metadata,frontend/package-lock.json:node_modules/@napi-rs/canvas-win32-x64-msvc,no
npm,@napi-rs/wasm-runtime,0.2.12,MIT,https://registry.npmjs.org/%40napi-rs%2Fwasm-runtime/0.2.12,git+https://github.com/napi-rs/napi-rs.git,https://registry.npmjs.org/%40napi-rs%2Fwasm-runtime/0.2.12,lock license equals versioned npm metadata,frontend/package-lock.json:node_modules/@napi-rs/wasm-runtime,no
npm,@napi-rs/wasm-runtime,1.1.1,MIT,https://registry.npmjs.org/%40napi-rs%2Fwasm-runtime/1.1.1,git+https://github.com/napi-rs/napi-rs.git,https://registry.npmjs.org/%40napi-rs%2Fwasm-runtime/1.1.1,lock license equals versioned npm metadata,frontend/package-lock.json:node_modules/@tailwindcss/oxide-wasm32-wasi/node_modules/@napi-rs/wasm-runtime,no
npm,@napi-rs/wasm-runtime,1.1.4,MIT,https://registry.npmjs.org/%40napi-rs%2Fwasm-runtime/1.1.4,git+https://github.com/napi-rs/napi-rs.git,https://registry.npmjs.org/%40napi-rs%2Fwasm-runtime/1.1.4,lock license equals versioned npm metadata,frontend/package-lock.json:node_modules/@rolldown/binding-wasm32-wasi/node_modules/@napi-rs/wasm-runtime,no
npm,@next/env,16.2.6,MIT,https://registry.npmjs.org/%40next%2Fenv/16.2.6,git+https://github.com/vercel/next.js.git,https://registry.npmjs.org/%40next%2Fenv/16.2.6,lock license equals versioned npm metadata,frontend/package-lock.json:node_modules/@next/env,no
npm,@next/eslint-plugin-next,16.2.6,MIT,https://registry.npmjs.org/%40next%2Feslint-plugin-next/16.2.6,git+https://github.com/vercel/next.js.git,https://registry.npmjs.org/%40next%2Feslint-plugin-next/16.2.6,lock license equals versioned npm metadata,frontend/package-lock.json:node_modules/@next/eslint-plugin-next,no
npm,@next/swc-darwin-arm64,16.2.6,MIT,https://registry.npmjs.org/%40next%2Fswc-darwin-arm64/16.2.6,git+https://github.com/vercel/next.js.git,https://registry.npmjs.org/%40next%2Fswc-darwin-arm64/16.2.6,lock license equals versioned npm metadata,frontend/package-lock.json:node_modules/@next/swc-darwin-arm64,no
npm,@next/swc-darwin-x64,16.2.6,MIT,https://registry.npmjs.org/%40next%2Fswc-darwin-x64/16.2.6,git+https://github.com/vercel/next.js.git,https://registry.npmjs.org/%40next%2Fswc-darwin-x64/16.2.6,lock license equals versioned npm metadata,frontend/package-lock.json:node_modules/@next/swc-darwin-x64,no
npm,@next/swc-linux-arm64-gnu,16.2.6,MIT,https://registry.npmjs.org/%40next%2Fswc-linux-arm64-gnu/16.2.6,git+https://github.com/vercel/next.js.git,https://registry.npmjs.org/%40next%2Fswc-linux-arm64-gnu/16.2.6,lock license equals versioned npm metadata,frontend/package-lock.json:node_modules/@next/swc-linux-arm64-gnu,no
npm,@next/swc-linux-arm64-musl,16.2.6,MIT,https://registry.npmjs.org/%40next%2Fswc-linux-arm64-musl/16.2.6,git+https://github.com/vercel/next.js.git,https://registry.npmjs.org/%40next%2Fswc-linux-arm64-musl/16.2.6,lock license equals versioned npm metadata,frontend/package-lock.json:node_modules/@next/swc-linux-arm64-musl,no
npm,@next/swc-linux-x64-gnu,16.2.6,MIT,https://registry.npmjs.org/%40next%2Fswc-linux-x64-gnu/16.2.6,git+https://github.com/vercel/next.js.git,https://registry.npmjs.org/%40next%2Fswc-linux-x64-gnu/16.2.6,lock license equals versioned npm metadata,frontend/package-lock.json:node_modules/@next/swc-linux-x64-gnu,no
npm,@next/swc-linux-x64-musl,16.2.6,MIT,https://registry.npmjs.org/%40next%2Fswc-linux-x64-musl/16.2.6,git+https://github.com/vercel/next.js.git,https://registry.npmjs.org/%40next%2Fswc-linux-x64-musl/16.2.6,lock license equals versioned npm metadata,frontend/package-lock.json:node_modules/@next/swc-linux-x64-musl,no
npm,@next/swc-win32-arm64-msvc,16.2.6,MIT,https://registry.npmjs.org/%40next%2Fswc-win32-arm64-msvc/16.2.6,git+https://github.com/vercel/next.js.git,https://registry.npmjs.org/%40next%2Fswc-win32-arm64-msvc/16.2.6,lock license equals versioned npm metadata,frontend/package-lock.json:node_modules/@next/swc-win32-arm64-msvc,no
npm,@next/swc-win32-x64-msvc,16.2.6,MIT,https://registry.npmjs.org/%40next%2Fswc-win32-x64-msvc/16.2.6,git+https://github.com/vercel/next.js.git,https://registry.npmjs.org/%40next%2Fswc-win32-x64-msvc/16.2.6,lock license equals versioned npm metadata,frontend/package-lock.json:node_modules/@next/swc-win32-x64-msvc,no
npm,@nodelib/fs.scandir,2.1.5,MIT,https://registry.npmjs.org/%40nodelib%2Ffs.scandir/2.1.5,https://github.com/nodelib/nodelib/tree/master/packages/fs/fs.scandir,https://registry.npmjs.org/%40nodelib%2Ffs.scandir/2.1.5,lock license equals versioned npm metadata,frontend/package-lock.json:node_modules/@nodelib/fs.scandir,no
npm,@nodelib/fs.stat,2.0.5,MIT,https://registry.npmjs.org/%40nodelib%2Ffs.stat/2.0.5,https://github.com/nodelib/nodelib/tree/master/packages/fs/fs.stat,https://registry.npmjs.org/%40nodelib%2Ffs.stat/2.0.5,lock license equals versioned npm metadata,frontend/package-lock.json:node_modules/@nodelib/fs.stat,no
npm,@nodelib/fs.walk,1.2.8,MIT,https://registry.npmjs.org/%40nodelib%2Ffs.walk/1.2.8,https://github.com/nodelib/nodelib/tree/master/packages/fs/fs.walk,https://registry.npmjs.org/%40nodelib%2Ffs.walk/1.2.8,lock license equals versioned npm metadata,frontend/package-lock.json:node_modules/@nodelib/fs.walk,no
npm,@nolyfill/is-core-module,1.0.39,MIT,https://registry.npmjs.org/%40nolyfill%2Fis-core-module/1.0.39,git+https://github.com/SukkaW/nolyfill.git,https://registry.npmjs.org/%40nolyfill%2Fis-core-module/1.0.39,lock license equals versioned npm metadata,frontend/package-lock.json:node_modules/@nolyfill/is-core-module,no
npm,@oxc-project/types,0.130.0,MIT,https://registry.npmjs.org/%40oxc-project%2Ftypes/0.130.0,git+https://github.com/oxc-project/oxc.git,https://registry.npmjs.org/%40oxc-project%2Ftypes/0.130.0,lock license equals versioned npm metadata,frontend/package-lock.json:node_modules/@oxc-project/types,no
npm,@poppinss/colors,4.1.6,MIT,https://registry.npmjs.org/%40poppinss%2Fcolors/4.1.6,git+https://github.com/poppinss/colors.git,https://registry.npmjs.org/%40poppinss%2Fcolors/4.1.6,lock license equals versioned npm metadata,frontend/package-lock.json:node_modules/@poppinss/colors,no
npm,@poppinss/dumper,0.6.5,MIT,https://registry.npmjs.org/%40poppinss%2Fdumper/0.6.5,git+https://github.com/poppinss/dumper.git,https://registry.npmjs.org/%40poppinss%2Fdumper/0.6.5,lock license equals versioned npm metadata,frontend/package-lock.json:node_modules/@poppinss/dumper,no
npm,@poppinss/exception,1.2.3,MIT,https://registry.npmjs.org/%40poppinss%2Fexception/1.2.3,git+https://github.com/poppinss/exception.git,https://registry.npmjs.org/%40poppinss%2Fexception/1.2.3,lock license equals versioned npm metadata,frontend/package-lock.json:node_modules/@poppinss/exception,no
npm,@resvg/resvg-wasm,2.4.0,MPL-2.0,https://registry.npmjs.org/%40resvg%2Fresvg-wasm/2.4.0,git+ssh://git@github.com/yisibl/resvg-js.git,https://registry.npmjs.org/%40resvg%2Fresvg-wasm/2.4.0,lock license equals versioned npm metadata,frontend/package-lock.json:node_modules/@resvg/resvg-wasm,no
npm,@rolldown/binding-android-arm64,1.0.1,MIT,https://registry.npmjs.org/%40rolldown%2Fbinding-android-arm64/1.0.1,git+https://github.com/rolldown/rolldown.git,https://registry.npmjs.org/%40rolldown%2Fbinding-android-arm64/1.0.1,lock license equals versioned npm metadata,frontend/package-lock.json:node_modules/@rolldown/binding-android-arm64,no
npm,@rolldown/binding-darwin-arm64,1.0.1,MIT,https://registry.npmjs.org/%40rolldown%2Fbinding-darwin-arm64/1.0.1,git+https://github.com/rolldown/rolldown.git,https://registry.npmjs.org/%40rolldown%2Fbinding-darwin-arm64/1.0.1,lock license equals versioned npm metadata,frontend/package-lock.json:node_modules/@rolldown/binding-darwin-arm64,no
npm,@rolldown/binding-darwin-x64,1.0.1,MIT,https://registry.npmjs.org/%40rolldown%2Fbinding-darwin-x64/1.0.1,git+https://github.com/rolldown/rolldown.git,https://registry.npmjs.org/%40rolldown%2Fbinding-darwin-x64/1.0.1,lock license equals versioned npm metadata,frontend/package-lock.json:node_modules/@rolldown/binding-darwin-x64,no
npm,@rolldown/binding-freebsd-x64,1.0.1,MIT,https://registry.npmjs.org/%40rolldown%2Fbinding-freebsd-x64/1.0.1,git+https://github.com/rolldown/rolldown.git,https://registry.npmjs.org/%40rolldown%2Fbinding-freebsd-x64/1.0.1,lock license equals versioned npm metadata,frontend/package-lock.json:node_modules/@rolldown/binding-freebsd-x64,no
npm,@rolldown/binding-linux-arm-gnueabihf,1.0.1,MIT,https://registry.npmjs.org/%40rolldown%2Fbinding-linux-arm-gnueabihf/1.0.1,git+https://github.com/rolldown/rolldown.git,https://registry.npmjs.org/%40rolldown%2Fbinding-linux-arm-gnueabihf/1.0.1,lock license equals versioned npm metadata,frontend/package-lock.json:node_modules/@rolldown/binding-linux-arm-gnueabihf,no
npm,@rolldown/binding-linux-arm64-gnu,1.0.1,MIT,https://registry.npmjs.org/%40rolldown%2Fbinding-linux-arm64-gnu/1.0.1,git+https://github.com/rolldown/rolldown.git,https://registry.npmjs.org/%40rolldown%2Fbinding-linux-arm64-gnu/1.0.1,lock license equals versioned npm metadata,frontend/package-lock.json:node_modules/@rolldown/binding-linux-arm64-gnu,no
npm,@rolldown/binding-linux-arm64-musl,1.0.1,MIT,https://registry.npmjs.org/%40rolldown%2Fbinding-linux-arm64-musl/1.0.1,git+https://github.com/rolldown/rolldown.git,https://registry.npmjs.org/%40rolldown%2Fbinding-linux-arm64-musl/1.0.1,lock license equals versioned npm metadata,frontend/package-lock.json:node_modules/@rolldown/binding-linux-arm64-musl,no
npm,@rolldown/binding-linux-ppc64-gnu,1.0.1,MIT,https://registry.npmjs.org/%40rolldown%2Fbinding-linux-ppc64-gnu/1.0.1,git+https://github.com/rolldown/rolldown.git,https://registry.npmjs.org/%40rolldown%2Fbinding-linux-ppc64-gnu/1.0.1,lock license equals versioned npm metadata,frontend/package-lock.json:node_modules/@rolldown/binding-linux-ppc64-gnu,no
npm,@rolldown/binding-linux-s390x-gnu,1.0.1,MIT,https://registry.npmjs.org/%40rolldown%2Fbinding-linux-s390x-gnu/1.0.1,git+https://github.com/rolldown/rolldown.git,https://registry.npmjs.org/%40rolldown%2Fbinding-linux-s390x-gnu/1.0.1,lock license equals versioned npm metadata,frontend/package-lock.json:node_modules/@rolldown/binding-linux-s390x-gnu,no
npm,@rolldown/binding-linux-x64-gnu,1.0.1,MIT,https://registry.npmjs.org/%40rolldown%2Fbinding-linux-x64-gnu/1.0.1,git+https://github.com/rolldown/rolldown.git,https://registry.npmjs.org/%40rolldown%2Fbinding-linux-x64-gnu/1.0.1,lock license equals versioned npm metadata,frontend/package-lock.json:node_modules/@rolldown/binding-linux-x64-gnu,no
npm,@rolldown/binding-linux-x64-musl,1.0.1,MIT,https://registry.npmjs.org/%40rolldown%2Fbinding-linux-x64-musl/1.0.1,git+https://github.com/rolldown/rolldown.git,https://registry.npmjs.org/%40rolldown%2Fbinding-linux-x64-musl/1.0.1,lock license equals versioned npm metadata,frontend/package-lock.json:node_modules/@rolldown/binding-linux-x64-musl,no
npm,@rolldown/binding-openharmony-arm64,1.0.1,MIT,https://registry.npmjs.org/%40rolldown%2Fbinding-openharmony-arm64/1.0.1,git+https://github.com/rolldown/rolldown.git,https://registry.npmjs.org/%40rolldown%2Fbinding-openharmony-arm64/1.0.1,lock license equals versioned npm metadata,frontend/package-lock.json:node_modules/@rolldown/binding-openharmony-arm64,no
npm,@rolldown/binding-wasm32-wasi,1.0.1,MIT,https://registry.npmjs.org/%40rolldown%2Fbinding-wasm32-wasi/1.0.1,git+https://github.com/rolldown/rolldown.git,https://registry.npmjs.org/%40rolldown%2Fbinding-wasm32-wasi/1.0.1,lock license equals versioned npm metadata,frontend/package-lock.json:node_modules/@rolldown/binding-wasm32-wasi,no
npm,@rolldown/binding-win32-arm64-msvc,1.0.1,MIT,https://registry.npmjs.org/%40rolldown%2Fbinding-win32-arm64-msvc/1.0.1,git+https://github.com/rolldown/rolldown.git,https://registry.npmjs.org/%40rolldown%2Fbinding-win32-arm64-msvc/1.0.1,lock license equals versioned npm metadata,frontend/package-lock.json:node_modules/@rolldown/binding-win32-arm64-msvc,no
npm,@rolldown/binding-win32-x64-msvc,1.0.1,MIT,https://registry.npmjs.org/%40rolldown%2Fbinding-win32-x64-msvc/1.0.1,git+https://github.com/rolldown/rolldown.git,https://registry.npmjs.org/%40rolldown%2Fbinding-win32-x64-msvc/1.0.1,lock license equals versioned npm metadata,frontend/package-lock.json:node_modules/@rolldown/binding-win32-x64-msvc,no
npm,@rolldown/pluginutils,1.0.0-rc.18,MIT,https://registry.npmjs.org/%40rolldown%2Fpluginutils/1.0.0-rc.18,git+https://github.com/rolldown/rolldown.git,https://registry.npmjs.org/%40rolldown%2Fpluginutils/1.0.0-rc.18,lock license equals versioned npm metadata,frontend/package-lock.json:node_modules/@vitejs/plugin-rsc/node_modules/@rolldown/pluginutils,no
npm,@rolldown/pluginutils,1.0.1,MIT,https://registry.npmjs.org/%40rolldown%2Fpluginutils/1.0.1,git+https://github.com/rolldown/plugins.git,https://registry.npmjs.org/%40rolldown%2Fpluginutils/1.0.1,lock license equals versioned npm metadata,frontend/package-lock.json:node_modules/@rolldown/pluginutils,no
npm,@rtsao/scc,1.1.0,MIT,https://registry.npmjs.org/%40rtsao%2Fscc/1.1.0,git+https://github.com/rtsao/scc.git,https://registry.npmjs.org/%40rtsao%2Fscc/1.1.0,lock license equals versioned npm metadata,frontend/package-lock.json:node_modules/@rtsao/scc,no
npm,@shuding/opentype.js,1.4.0-beta.0,MIT,https://registry.npmjs.org/%40shuding%2Fopentype.js/1.4.0-beta.0,git://github.com/opentypejs/opentype.js.git,https://registry.npmjs.org/%40shuding%2Fopentype.js/1.4.0-beta.0,lock license equals versioned npm metadata,frontend/package-lock.json:node_modules/@shuding/opentype.js,no
npm,@sindresorhus/is,7.2.0,MIT,https://registry.npmjs.org/%40sindresorhus%2Fis/7.2.0,git+https://github.com/sindresorhus/is.git,https://registry.npmjs.org/%40sindresorhus%2Fis/7.2.0,lock license equals versioned npm metadata,frontend/package-lock.json:node_modules/@sindresorhus/is,no
npm,@speed-highlight/core,1.2.15,CC0-1.0,https://registry.npmjs.org/%40speed-highlight%2Fcore/1.2.15,git://github.com/speed-highlight/core.git,https://registry.npmjs.org/%40speed-highlight%2Fcore/1.2.15,lock license equals versioned npm metadata,frontend/package-lock.json:node_modules/@speed-highlight/core,no
npm,@swc/helpers,0.5.15,Apache-2.0,https://registry.npmjs.org/%40swc%2Fhelpers/0.5.15,git+https://github.com/swc-project/swc.git,https://registry.npmjs.org/%40swc%2Fhelpers/0.5.15,lock license equals versioned npm metadata,frontend/package-lock.json:node_modules/@swc/helpers,no
npm,@tailwindcss/node,4.2.1,MIT,https://registry.npmjs.org/%40tailwindcss%2Fnode/4.2.1,git+https://github.com/tailwindlabs/tailwindcss.git,https://registry.npmjs.org/%40tailwindcss%2Fnode/4.2.1,lock license equals versioned npm metadata,frontend/package-lock.json:node_modules/@tailwindcss/node,no
npm,@tailwindcss/oxide,4.2.1,MIT,https://registry.npmjs.org/%40tailwindcss%2Foxide/4.2.1,git+https://github.com/tailwindlabs/tailwindcss.git,https://registry.npmjs.org/%40tailwindcss%2Foxide/4.2.1,lock license equals versioned npm metadata,frontend/package-lock.json:node_modules/@tailwindcss/oxide,no
npm,@tailwindcss/oxide-android-arm64,4.2.1,MIT,https://registry.npmjs.org/%40tailwindcss%2Foxide-android-arm64/4.2.1,git+https://github.com/tailwindlabs/tailwindcss.git,https://registry.npmjs.org/%40tailwindcss%2Foxide-android-arm64/4.2.1,lock license equals versioned npm metadata,frontend/package-lock.json:node_modules/@tailwindcss/oxide-android-arm64,no
npm,@tailwindcss/oxide-darwin-arm64,4.2.1,MIT,https://registry.npmjs.org/%40tailwindcss%2Foxide-darwin-arm64/4.2.1,git+https://github.com/tailwindlabs/tailwindcss.git,https://registry.npmjs.org/%40tailwindcss%2Foxide-darwin-arm64/4.2.1,lock license equals versioned npm metadata,frontend/package-lock.json:node_modules/@tailwindcss/oxide-darwin-arm64,no
npm,@tailwindcss/oxide-darwin-x64,4.2.1,MIT,https://registry.npmjs.org/%40tailwindcss%2Foxide-darwin-x64/4.2.1,git+https://github.com/tailwindlabs/tailwindcss.git,https://registry.npmjs.org/%40tailwindcss%2Foxide-darwin-x64/4.2.1,lock license equals versioned npm metadata,frontend/package-lock.json:node_modules/@tailwindcss/oxide-darwin-x64,no
npm,@tailwindcss/oxide-freebsd-x64,4.2.1,MIT,https://registry.npmjs.org/%40tailwindcss%2Foxide-freebsd-x64/4.2.1,git+https://github.com/tailwindlabs/tailwindcss.git,https://registry.npmjs.org/%40tailwindcss%2Foxide-freebsd-x64/4.2.1,lock license equals versioned npm metadata,frontend/package-lock.json:node_modules/@tailwindcss/oxide-freebsd-x64,no
npm,@tailwindcss/oxide-linux-arm-gnueabihf,4.2.1,MIT,https://registry.npmjs.org/%40tailwindcss%2Foxide-linux-arm-gnueabihf/4.2.1,git+https://github.com/tailwindlabs/tailwindcss.git,https://registry.npmjs.org/%40tailwindcss%2Foxide-linux-arm-gnueabihf/4.2.1,lock license equals versioned npm metadata,frontend/package-lock.json:node_modules/@tailwindcss/oxide-linux-arm-gnueabihf,no
npm,@tailwindcss/oxide-linux-arm64-gnu,4.2.1,MIT,https://registry.npmjs.org/%40tailwindcss%2Foxide-linux-arm64-gnu/4.2.1,git+https://github.com/tailwindlabs/tailwindcss.git,https://registry.npmjs.org/%40tailwindcss%2Foxide-linux-arm64-gnu/4.2.1,lock license equals versioned npm metadata,frontend/package-lock.json:node_modules/@tailwindcss/oxide-linux-arm64-gnu,no
npm,@tailwindcss/oxide-linux-arm64-musl,4.2.1,MIT,https://registry.npmjs.org/%40tailwindcss%2Foxide-linux-arm64-musl/4.2.1,git+https://github.com/tailwindlabs/tailwindcss.git,https://registry.npmjs.org/%40tailwindcss%2Foxide-linux-arm64-musl/4.2.1,lock license equals versioned npm metadata,frontend/package-lock.json:node_modules/@tailwindcss/oxide-linux-arm64-musl,no
npm,@tailwindcss/oxide-linux-x64-gnu,4.2.1,MIT,https://registry.npmjs.org/%40tailwindcss%2Foxide-linux-x64-gnu/4.2.1,git+https://github.com/tailwindlabs/tailwindcss.git,https://registry.npmjs.org/%40tailwindcss%2Foxide-linux-x64-gnu/4.2.1,lock license equals versioned npm metadata,frontend/package-lock.json:node_modules/@tailwindcss/oxide-linux-x64-gnu,no
npm,@tailwindcss/oxide-linux-x64-musl,4.2.1,MIT,https://registry.npmjs.org/%40tailwindcss%2Foxide-linux-x64-musl/4.2.1,git+https://github.com/tailwindlabs/tailwindcss.git,https://registry.npmjs.org/%40tailwindcss%2Foxide-linux-x64-musl/4.2.1,lock license equals versioned npm metadata,frontend/package-lock.json:node_modules/@tailwindcss/oxide-linux-x64-musl,no
npm,@tailwindcss/oxide-wasm32-wasi,4.2.1,MIT,https://registry.npmjs.org/%40tailwindcss%2Foxide-wasm32-wasi/4.2.1,git+https://github.com/tailwindlabs/tailwindcss.git,https://registry.npmjs.org/%40tailwindcss%2Foxide-wasm32-wasi/4.2.1,lock license equals versioned npm metadata,frontend/package-lock.json:node_modules/@tailwindcss/oxide-wasm32-wasi,no
npm,@tailwindcss/oxide-win32-arm64-msvc,4.2.1,MIT,https://registry.npmjs.org/%40tailwindcss%2Foxide-win32-arm64-msvc/4.2.1,git+https://github.com/tailwindlabs/tailwindcss.git,https://registry.npmjs.org/%40tailwindcss%2Foxide-win32-arm64-msvc/4.2.1,lock license equals versioned npm metadata,frontend/package-lock.json:node_modules/@tailwindcss/oxide-win32-arm64-msvc,no
npm,@tailwindcss/oxide-win32-x64-msvc,4.2.1,MIT,https://registry.npmjs.org/%40tailwindcss%2Foxide-win32-x64-msvc/4.2.1,git+https://github.com/tailwindlabs/tailwindcss.git,https://registry.npmjs.org/%40tailwindcss%2Foxide-win32-x64-msvc/4.2.1,lock license equals versioned npm metadata,frontend/package-lock.json:node_modules/@tailwindcss/oxide-win32-x64-msvc,no
npm,@tailwindcss/postcss,4.2.1,MIT,https://registry.npmjs.org/%40tailwindcss%2Fpostcss/4.2.1,git+https://github.com/tailwindlabs/tailwindcss.git,https://registry.npmjs.org/%40tailwindcss%2Fpostcss/4.2.1,lock license equals versioned npm metadata,frontend/package-lock.json:node_modules/@tailwindcss/postcss,no
npm,@tybys/wasm-util,0.10.1,MIT,https://registry.npmjs.org/%40tybys%2Fwasm-util/0.10.1,git+https://github.com/toyobayashi/wasm-util.git,https://registry.npmjs.org/%40tybys%2Fwasm-util/0.10.1,lock license equals versioned npm metadata,frontend/package-lock.json:node_modules/@tailwindcss/oxide-wasm32-wasi/node_modules/@tybys/wasm-util,no
npm,@tybys/wasm-util,0.10.2,MIT,https://registry.npmjs.org/%40tybys%2Fwasm-util/0.10.2,git+https://github.com/toyobayashi/wasm-util.git,https://registry.npmjs.org/%40tybys%2Fwasm-util/0.10.2,lock license equals versioned npm metadata,frontend/package-lock.json:node_modules/@tybys/wasm-util,no
npm,@types/eslint,9.6.1,MIT,https://registry.npmjs.org/%40types%2Feslint/9.6.1,https://github.com/DefinitelyTyped/DefinitelyTyped.git,https://registry.npmjs.org/%40types%2Feslint/9.6.1,lock license equals versioned npm metadata,frontend/package-lock.json:node_modules/@types/eslint,no
npm,@types/eslint-scope,3.7.7,MIT,https://registry.npmjs.org/%40types%2Feslint-scope/3.7.7,https://github.com/DefinitelyTyped/DefinitelyTyped.git,https://registry.npmjs.org/%40types%2Feslint-scope/3.7.7,lock license equals versioned npm metadata,frontend/package-lock.json:node_modules/@types/eslint-scope,no
npm,@types/estree,1.0.9,MIT,https://registry.npmjs.org/%40types%2Festree/1.0.9,https://github.com/DefinitelyTyped/DefinitelyTyped.git,https://registry.npmjs.org/%40types%2Festree/1.0.9,lock license equals versioned npm metadata,frontend/package-lock.json:node_modules/@types/estree,no
npm,@types/json-schema,7.0.15,MIT,https://registry.npmjs.org/%40types%2Fjson-schema/7.0.15,https://github.com/DefinitelyTyped/DefinitelyTyped.git,https://registry.npmjs.org/%40types%2Fjson-schema/7.0.15,lock license equals versioned npm metadata,frontend/package-lock.json:node_modules/@types/json-schema,no
npm,@types/json5,0.0.29,MIT,https://registry.npmjs.org/%40types%2Fjson5/0.0.29,https://www.github.com/DefinitelyTyped/DefinitelyTyped.git,https://registry.npmjs.org/%40types%2Fjson5/0.0.29,lock license equals versioned npm metadata,frontend/package-lock.json:node_modules/@types/json5,no
npm,@types/node,22.19.19,MIT,https://registry.npmjs.org/%40types%2Fnode/22.19.19,https://github.com/DefinitelyTyped/DefinitelyTyped.git,https://registry.npmjs.org/%40types%2Fnode/22.19.19,lock license equals versioned npm metadata,frontend/package-lock.json:node_modules/@types/node,no
npm,@types/react,19.2.14,MIT,https://registry.npmjs.org/%40types%2Freact/19.2.14,https://github.com/DefinitelyTyped/DefinitelyTyped.git,https://registry.npmjs.org/%40types%2Freact/19.2.14,lock license equals versioned npm metadata,frontend/package-lock.json:node_modules/@types/react,no
npm,@types/react-dom,19.2.3,MIT,https://registry.npmjs.org/%40types%2Freact-dom/19.2.3,https://github.com/DefinitelyTyped/DefinitelyTyped.git,https://registry.npmjs.org/%40types%2Freact-dom/19.2.3,lock license equals versioned npm metadata,frontend/package-lock.json:node_modules/@types/react-dom,no
npm,@typescript-eslint/eslint-plugin,8.59.3,MIT,https://registry.npmjs.org/%40typescript-eslint%2Feslint-plugin/8.59.3,git+https://github.com/typescript-eslint/typescript-eslint.git,https://registry.npmjs.org/%40typescript-eslint%2Feslint-plugin/8.59.3,lock license equals versioned npm metadata,frontend/package-lock.json:node_modules/@typescript-eslint/eslint-plugin,no
npm,@typescript-eslint/parser,8.59.3,MIT,https://registry.npmjs.org/%40typescript-eslint%2Fparser/8.59.3,git+https://github.com/typescript-eslint/typescript-eslint.git,https://registry.npmjs.org/%40typescript-eslint%2Fparser/8.59.3,lock license equals versioned npm metadata,frontend/package-lock.json:node_modules/@typescript-eslint/parser,no
npm,@typescript-eslint/project-service,8.59.3,MIT,https://registry.npmjs.org/%40typescript-eslint%2Fproject-service/8.59.3,git+https://github.com/typescript-eslint/typescript-eslint.git,https://registry.npmjs.org/%40typescript-eslint%2Fproject-service/8.59.3,lock license equals versioned npm metadata,frontend/package-lock.json:node_modules/@typescript-eslint/project-service,no
npm,@typescript-eslint/scope-manager,8.59.3,MIT,https://registry.npmjs.org/%40typescript-eslint%2Fscope-manager/8.59.3,git+https://github.com/typescript-eslint/typescript-eslint.git,https://registry.npmjs.org/%40typescript-eslint%2Fscope-manager/8.59.3,lock license equals versioned npm metadata,frontend/package-lock.json:node_modules/@typescript-eslint/scope-manager,no
npm,@typescript-eslint/tsconfig-utils,8.59.3,MIT,https://registry.npmjs.org/%40typescript-eslint%2Ftsconfig-utils/8.59.3,git+https://github.com/typescript-eslint/typescript-eslint.git,https://registry.npmjs.org/%40typescript-eslint%2Ftsconfig-utils/8.59.3,lock license equals versioned npm metadata,frontend/package-lock.json:node_modules/@typescript-eslint/tsconfig-utils,no
npm,@typescript-eslint/type-utils,8.59.3,MIT,https://registry.npmjs.org/%40typescript-eslint%2Ftype-utils/8.59.3,git+https://github.com/typescript-eslint/typescript-eslint.git,https://registry.npmjs.org/%40typescript-eslint%2Ftype-utils/8.59.3,lock license equals versioned npm metadata,frontend/package-lock.json:node_modules/@typescript-eslint/type-utils,no
npm,@typescript-eslint/types,8.59.3,MIT,https://registry.npmjs.org/%40typescript-eslint%2Ftypes/8.59.3,git+https://github.com/typescript-eslint/typescript-eslint.git,https://registry.npmjs.org/%40typescript-eslint%2Ftypes/8.59.3,lock license equals versioned npm metadata,frontend/package-lock.json:node_modules/@typescript-eslint/types,no
npm,@typescript-eslint/typescript-estree,8.59.3,MIT,https://registry.npmjs.org/%40typescript-eslint%2Ftypescript-estree/8.59.3,git+https://github.com/typescript-eslint/typescript-eslint.git,https://registry.npmjs.org/%40typescript-eslint%2Ftypescript-estree/8.59.3,lock license equals versioned npm metadata,frontend/package-lock.json:node_modules/@typescript-eslint/typescript-estree,no
npm,@typescript-eslint/utils,8.59.3,MIT,https://registry.npmjs.org/%40typescript-eslint%2Futils/8.59.3,git+https://github.com/typescript-eslint/typescript-eslint.git,https://registry.npmjs.org/%40typescript-eslint%2Futils/8.59.3,lock license equals versioned npm metadata,frontend/package-lock.json:node_modules/@typescript-eslint/utils,no
npm,@typescript-eslint/visitor-keys,8.59.3,MIT,https://registry.npmjs.org/%40typescript-eslint%2Fvisitor-keys/8.59.3,git+https://github.com/typescript-eslint/typescript-eslint.git,https://registry.npmjs.org/%40typescript-eslint%2Fvisitor-keys/8.59.3,lock license equals versioned npm metadata,frontend/package-lock.json:node_modules/@typescript-eslint/visitor-keys,no
npm,@unpic/core,1.0.3,MIT,https://registry.npmjs.org/%40unpic%2Fcore/1.0.3,git+https://github.com/ascorbic/unpic-img.git,https://registry.npmjs.org/%40unpic%2Fcore/1.0.3,lock license equals versioned npm metadata,frontend/package-lock.json:node_modules/@unpic/core,no
npm,@unpic/react,1.0.2,MIT,https://registry.npmjs.org/%40unpic%2Freact/1.0.2,git+https://github.com/ascorbic/unpic-img.git,https://registry.npmjs.org/%40unpic%2Freact/1.0.2,lock license equals versioned npm metadata,frontend/package-lock.json:node_modules/@unpic/react,no
npm,@unrs/resolver-binding-android-arm-eabi,1.11.1,MIT,https://registry.npmjs.org/%40unrs%2Fresolver-binding-android-arm-eabi/1.11.1,git+https://github.com/unrs/unrs-resolver.git,https://registry.npmjs.org/%40unrs%2Fresolver-binding-android-arm-eabi/1.11.1,lock license equals versioned npm metadata,frontend/package-lock.json:node_modules/@unrs/resolver-binding-android-arm-eabi,no
npm,@unrs/resolver-binding-android-arm64,1.11.1,MIT,https://registry.npmjs.org/%40unrs%2Fresolver-binding-android-arm64/1.11.1,git+https://github.com/unrs/unrs-resolver.git,https://registry.npmjs.org/%40unrs%2Fresolver-binding-android-arm64/1.11.1,lock license equals versioned npm metadata,frontend/package-lock.json:node_modules/@unrs/resolver-binding-android-arm64,no
npm,@unrs/resolver-binding-darwin-arm64,1.11.1,MIT,https://registry.npmjs.org/%40unrs%2Fresolver-binding-darwin-arm64/1.11.1,git+https://github.com/unrs/unrs-resolver.git,https://registry.npmjs.org/%40unrs%2Fresolver-binding-darwin-arm64/1.11.1,lock license equals versioned npm metadata,frontend/package-lock.json:node_modules/@unrs/resolver-binding-darwin-arm64,no
npm,@unrs/resolver-binding-darwin-x64,1.11.1,MIT,https://registry.npmjs.org/%40unrs%2Fresolver-binding-darwin-x64/1.11.1,git+https://github.com/unrs/unrs-resolver.git,https://registry.npmjs.org/%40unrs%2Fresolver-binding-darwin-x64/1.11.1,lock license equals versioned npm metadata,frontend/package-lock.json:node_modules/@unrs/resolver-binding-darwin-x64,no
npm,@unrs/resolver-binding-freebsd-x64,1.11.1,MIT,https://registry.npmjs.org/%40unrs%2Fresolver-binding-freebsd-x64/1.11.1,git+https://github.com/unrs/unrs-resolver.git,https://registry.npmjs.org/%40unrs%2Fresolver-binding-freebsd-x64/1.11.1,lock license equals versioned npm metadata,frontend/package-lock.json:node_modules/@unrs/resolver-binding-freebsd-x64,no
npm,@unrs/resolver-binding-linux-arm-gnueabihf,1.11.1,MIT,https://registry.npmjs.org/%40unrs%2Fresolver-binding-linux-arm-gnueabihf/1.11.1,git+https://github.com/unrs/unrs-resolver.git,https://registry.npmjs.org/%40unrs%2Fresolver-binding-linux-arm-gnueabihf/1.11.1,lock license equals versioned npm metadata,frontend/package-lock.json:node_modules/@unrs/resolver-binding-linux-arm-gnueabihf,no
npm,@unrs/resolver-binding-linux-arm-musleabihf,1.11.1,MIT,https://registry.npmjs.org/%40unrs%2Fresolver-binding-linux-arm-musleabihf/1.11.1,git+https://github.com/unrs/unrs-resolver.git,https://registry.npmjs.org/%40unrs%2Fresolver-binding-linux-arm-musleabihf/1.11.1,lock license equals versioned npm metadata,frontend/package-lock.json:node_modules/@unrs/resolver-binding-linux-arm-musleabihf,no
npm,@unrs/resolver-binding-linux-arm64-gnu,1.11.1,MIT,https://registry.npmjs.org/%40unrs%2Fresolver-binding-linux-arm64-gnu/1.11.1,git+https://github.com/unrs/unrs-resolver.git,https://registry.npmjs.org/%40unrs%2Fresolver-binding-linux-arm64-gnu/1.11.1,lock license equals versioned npm metadata,frontend/package-lock.json:node_modules/@unrs/resolver-binding-linux-arm64-gnu,no
npm,@unrs/resolver-binding-linux-arm64-musl,1.11.1,MIT,https://registry.npmjs.org/%40unrs%2Fresolver-binding-linux-arm64-musl/1.11.1,git+https://github.com/unrs/unrs-resolver.git,https://registry.npmjs.org/%40unrs%2Fresolver-binding-linux-arm64-musl/1.11.1,lock license equals versioned npm metadata,frontend/package-lock.json:node_modules/@unrs/resolver-binding-linux-arm64-musl,no
npm,@unrs/resolver-binding-linux-ppc64-gnu,1.11.1,MIT,https://registry.npmjs.org/%40unrs%2Fresolver-binding-linux-ppc64-gnu/1.11.1,git+https://github.com/unrs/unrs-resolver.git,https://registry.npmjs.org/%40unrs%2Fresolver-binding-linux-ppc64-gnu/1.11.1,lock license equals versioned npm metadata,frontend/package-lock.json:node_modules/@unrs/resolver-binding-linux-ppc64-gnu,no
npm,@unrs/resolver-binding-linux-riscv64-gnu,1.11.1,MIT,https://registry.npmjs.org/%40unrs%2Fresolver-binding-linux-riscv64-gnu/1.11.1,git+https://github.com/unrs/unrs-resolver.git,https://registry.npmjs.org/%40unrs%2Fresolver-binding-linux-riscv64-gnu/1.11.1,lock license equals versioned npm metadata,frontend/package-lock.json:node_modules/@unrs/resolver-binding-linux-riscv64-gnu,no
npm,@unrs/resolver-binding-linux-riscv64-musl,1.11.1,MIT,https://registry.npmjs.org/%40unrs%2Fresolver-binding-linux-riscv64-musl/1.11.1,git+https://github.com/unrs/unrs-resolver.git,https://registry.npmjs.org/%40unrs%2Fresolver-binding-linux-riscv64-musl/1.11.1,lock license equals versioned npm metadata,frontend/package-lock.json:node_modules/@unrs/resolver-binding-linux-riscv64-musl,no
npm,@unrs/resolver-binding-linux-s390x-gnu,1.11.1,MIT,https://registry.npmjs.org/%40unrs%2Fresolver-binding-linux-s390x-gnu/1.11.1,git+https://github.com/unrs/unrs-resolver.git,https://registry.npmjs.org/%40unrs%2Fresolver-binding-linux-s390x-gnu/1.11.1,lock license equals versioned npm metadata,frontend/package-lock.json:node_modules/@unrs/resolver-binding-linux-s390x-gnu,no
npm,@unrs/resolver-binding-linux-x64-gnu,1.11.1,MIT,https://registry.npmjs.org/%40unrs%2Fresolver-binding-linux-x64-gnu/1.11.1,git+https://github.com/unrs/unrs-resolver.git,https://registry.npmjs.org/%40unrs%2Fresolver-binding-linux-x64-gnu/1.11.1,lock license equals versioned npm metadata,frontend/package-lock.json:node_modules/@unrs/resolver-binding-linux-x64-gnu,no
npm,@unrs/resolver-binding-linux-x64-musl,1.11.1,MIT,https://registry.npmjs.org/%40unrs%2Fresolver-binding-linux-x64-musl/1.11.1,git+https://github.com/unrs/unrs-resolver.git,https://registry.npmjs.org/%40unrs%2Fresolver-binding-linux-x64-musl/1.11.1,lock license equals versioned npm metadata,frontend/package-lock.json:node_modules/@unrs/resolver-binding-linux-x64-musl,no
npm,@unrs/resolver-binding-wasm32-wasi,1.11.1,MIT,https://registry.npmjs.org/%40unrs%2Fresolver-binding-wasm32-wasi/1.11.1,git+https://github.com/unrs/unrs-resolver.git,https://registry.npmjs.org/%40unrs%2Fresolver-binding-wasm32-wasi/1.11.1,lock license equals versioned npm metadata,frontend/package-lock.json:node_modules/@unrs/resolver-binding-wasm32-wasi,no
npm,@unrs/resolver-binding-win32-arm64-msvc,1.11.1,MIT,https://registry.npmjs.org/%40unrs%2Fresolver-binding-win32-arm64-msvc/1.11.1,git+https://github.com/unrs/unrs-resolver.git,https://registry.npmjs.org/%40unrs%2Fresolver-binding-win32-arm64-msvc/1.11.1,lock license equals versioned npm metadata,frontend/package-lock.json:node_modules/@unrs/resolver-binding-win32-arm64-msvc,no
npm,@unrs/resolver-binding-win32-ia32-msvc,1.11.1,MIT,https://registry.npmjs.org/%40unrs%2Fresolver-binding-win32-ia32-msvc/1.11.1,git+https://github.com/unrs/unrs-resolver.git,https://registry.npmjs.org/%40unrs%2Fresolver-binding-win32-ia32-msvc/1.11.1,lock license equals versioned npm metadata,frontend/package-lock.json:node_modules/@unrs/resolver-binding-win32-ia32-msvc,no
npm,@unrs/resolver-binding-win32-x64-msvc,1.11.1,MIT,https://registry.npmjs.org/%40unrs%2Fresolver-binding-win32-x64-msvc/1.11.1,git+https://github.com/unrs/unrs-resolver.git,https://registry.npmjs.org/%40unrs%2Fresolver-binding-win32-x64-msvc/1.11.1,lock license equals versioned npm metadata,frontend/package-lock.json:node_modules/@unrs/resolver-binding-win32-x64-msvc,no
npm,@vercel/og,0.8.6,MPL-2.0,https://registry.npmjs.org/%40vercel%2Fog/0.8.6,,https://registry.npmjs.org/%40vercel%2Fog/0.8.6,lock license equals versioned npm metadata,frontend/package-lock.json:node_modules/@vercel/og,no
npm,@vitejs/plugin-react,6.0.2,MIT,https://registry.npmjs.org/%40vitejs%2Fplugin-react/6.0.2,git+https://github.com/vitejs/vite-plugin-react.git,https://registry.npmjs.org/%40vitejs%2Fplugin-react/6.0.2,lock license equals versioned npm metadata,frontend/package-lock.json:node_modules/@vitejs/plugin-react,no
npm,@vitejs/plugin-rsc,0.5.26,MIT,https://registry.npmjs.org/%40vitejs%2Fplugin-rsc/0.5.26,git+https://github.com/vitejs/vite-plugin-react.git,https://registry.npmjs.org/%40vitejs%2Fplugin-rsc/0.5.26,lock license equals versioned npm metadata,frontend/package-lock.json:node_modules/@vitejs/plugin-rsc,no
npm,@webassemblyjs/ast,1.14.1,MIT,https://registry.npmjs.org/%40webassemblyjs%2Fast/1.14.1,git+https://github.com/xtuc/webassemblyjs.git,https://registry.npmjs.org/%40webassemblyjs%2Fast/1.14.1,lock license equals versioned npm metadata,frontend/package-lock.json:node_modules/@webassemblyjs/ast,no
npm,@webassemblyjs/floating-point-hex-parser,1.13.2,MIT,https://registry.npmjs.org/%40webassemblyjs%2Ffloating-point-hex-parser/1.13.2,git+https://github.com/xtuc/webassemblyjs.git,https://registry.npmjs.org/%40webassemblyjs%2Ffloating-point-hex-parser/1.13.2,lock license equals versioned npm metadata,frontend/package-lock.json:node_modules/@webassemblyjs/floating-point-hex-parser,no
npm,@webassemblyjs/helper-api-error,1.13.2,MIT,https://registry.npmjs.org/%40webassemblyjs%2Fhelper-api-error/1.13.2,git+https://github.com/xtuc/webassemblyjs.git,https://registry.npmjs.org/%40webassemblyjs%2Fhelper-api-error/1.13.2,lock license equals versioned npm metadata,frontend/package-lock.json:node_modules/@webassemblyjs/helper-api-error,no
npm,@webassemblyjs/helper-buffer,1.14.1,MIT,https://registry.npmjs.org/%40webassemblyjs%2Fhelper-buffer/1.14.1,git+https://github.com/xtuc/webassemblyjs.git,https://registry.npmjs.org/%40webassemblyjs%2Fhelper-buffer/1.14.1,lock license equals versioned npm metadata,frontend/package-lock.json:node_modules/@webassemblyjs/helper-buffer,no
npm,@webassemblyjs/helper-numbers,1.13.2,MIT,https://registry.npmjs.org/%40webassemblyjs%2Fhelper-numbers/1.13.2,git+https://github.com/xtuc/webassemblyjs.git,https://registry.npmjs.org/%40webassemblyjs%2Fhelper-numbers/1.13.2,lock license equals versioned npm metadata,frontend/package-lock.json:node_modules/@webassemblyjs/helper-numbers,no
npm,@webassemblyjs/helper-wasm-bytecode,1.13.2,MIT,https://registry.npmjs.org/%40webassemblyjs%2Fhelper-wasm-bytecode/1.13.2,git+https://github.com/xtuc/webassemblyjs.git,https://registry.npmjs.org/%40webassemblyjs%2Fhelper-wasm-bytecode/1.13.2,lock license equals versioned npm metadata,frontend/package-lock.json:node_modules/@webassemblyjs/helper-wasm-bytecode,no
npm,@webassemblyjs/helper-wasm-section,1.14.1,MIT,https://registry.npmjs.org/%40webassemblyjs%2Fhelper-wasm-section/1.14.1,git+https://github.com/xtuc/webassemblyjs.git,https://registry.npmjs.org/%40webassemblyjs%2Fhelper-wasm-section/1.14.1,lock license equals versioned npm metadata,frontend/package-lock.json:node_modules/@webassemblyjs/helper-wasm-section,no
npm,@webassemblyjs/ieee754,1.13.2,MIT,https://registry.npmjs.org/%40webassemblyjs%2Fieee754/1.13.2,git+https://github.com/xtuc/webassemblyjs.git,https://registry.npmjs.org/%40webassemblyjs%2Fieee754/1.13.2,lock license equals versioned npm metadata,frontend/package-lock.json:node_modules/@webassemblyjs/ieee754,no
npm,@webassemblyjs/leb128,1.13.2,Apache-2.0,https://registry.npmjs.org/%40webassemblyjs%2Fleb128/1.13.2,git+https://github.com/xtuc/webassemblyjs.git,https://registry.npmjs.org/%40webassemblyjs%2Fleb128/1.13.2,lock license equals versioned npm metadata,frontend/package-lock.json:node_modules/@webassemblyjs/leb128,no
npm,@webassemblyjs/utf8,1.13.2,MIT,https://registry.npmjs.org/%40webassemblyjs%2Futf8/1.13.2,git+https://github.com/xtuc/webassemblyjs.git,https://registry.npmjs.org/%40webassemblyjs%2Futf8/1.13.2,lock license equals versioned npm metadata,frontend/package-lock.json:node_modules/@webassemblyjs/utf8,no
npm,@webassemblyjs/wasm-edit,1.14.1,MIT,https://registry.npmjs.org/%40webassemblyjs%2Fwasm-edit/1.14.1,git+https://github.com/xtuc/webassemblyjs.git,https://registry.npmjs.org/%40webassemblyjs%2Fwasm-edit/1.14.1,lock license equals versioned npm metadata,frontend/package-lock.json:node_modules/@webassemblyjs/wasm-edit,no
npm,@webassemblyjs/wasm-gen,1.14.1,MIT,https://registry.npmjs.org/%40webassemblyjs%2Fwasm-gen/1.14.1,git+https://github.com/xtuc/webassemblyjs.git,https://registry.npmjs.org/%40webassemblyjs%2Fwasm-gen/1.14.1,lock license equals versioned npm metadata,frontend/package-lock.json:node_modules/@webassemblyjs/wasm-gen,no
npm,@webassemblyjs/wasm-opt,1.14.1,MIT,https://registry.npmjs.org/%40webassemblyjs%2Fwasm-opt/1.14.1,git+https://github.com/xtuc/webassemblyjs.git,https://registry.npmjs.org/%40webassemblyjs%2Fwasm-opt/1.14.1,lock license equals versioned npm metadata,frontend/package-lock.json:node_modules/@webassemblyjs/wasm-opt,no
npm,@webassemblyjs/wasm-parser,1.14.1,MIT,https://registry.npmjs.org/%40webassemblyjs%2Fwasm-parser/1.14.1,git+https://github.com/xtuc/webassemblyjs.git,https://registry.npmjs.org/%40webassemblyjs%2Fwasm-parser/1.14.1,lock license equals versioned npm metadata,frontend/package-lock.json:node_modules/@webassemblyjs/wasm-parser,no
npm,@webassemblyjs/wast-printer,1.14.1,MIT,https://registry.npmjs.org/%40webassemblyjs%2Fwast-printer/1.14.1,git+https://github.com/xtuc/webassemblyjs.git,https://registry.npmjs.org/%40webassemblyjs%2Fwast-printer/1.14.1,lock license equals versioned npm metadata,frontend/package-lock.json:node_modules/@webassemblyjs/wast-printer,no
npm,@xtuc/ieee754,1.2.0,BSD-3-Clause,https://registry.npmjs.org/%40xtuc%2Fieee754/1.2.0,git://github.com/feross/ieee754.git,https://registry.npmjs.org/%40xtuc%2Fieee754/1.2.0,lock license equals versioned npm metadata,frontend/package-lock.json:node_modules/@xtuc/ieee754,no
npm,@xtuc/long,4.2.2,Apache-2.0,https://registry.npmjs.org/%40xtuc%2Flong/4.2.2,git+https://github.com/dcodeIO/long.js.git,https://registry.npmjs.org/%40xtuc%2Flong/4.2.2,lock license equals versioned npm metadata,frontend/package-lock.json:node_modules/@xtuc/long,no
npm,acorn,8.16.0,MIT,https://registry.npmjs.org/acorn/8.16.0,git+https://github.com/acornjs/acorn.git,https://registry.npmjs.org/acorn/8.16.0,lock license equals versioned npm metadata,frontend/package-lock.json:node_modules/acorn,no
npm,acorn-import-phases,1.0.4,MIT,https://registry.npmjs.org/acorn-import-phases/1.0.4,git+https://github.com/nicolo-ribaudo/acorn-import-phases.git,https://registry.npmjs.org/acorn-import-phases/1.0.4,lock license equals versioned npm metadata,frontend/package-lock.json:node_modules/acorn-import-phases,no
npm,acorn-jsx,5.3.2,MIT,https://registry.npmjs.org/acorn-jsx/5.3.2,git+https://github.com/acornjs/acorn-jsx.git,https://registry.npmjs.org/acorn-jsx/5.3.2,lock license equals versioned npm metadata,frontend/package-lock.json:node_modules/acorn-jsx,no
npm,acorn-loose,8.5.2,MIT,https://registry.npmjs.org/acorn-loose/8.5.2,git+https://github.com/acornjs/acorn.git,https://registry.npmjs.org/acorn-loose/8.5.2,lock license equals versioned npm metadata,frontend/package-lock.json:node_modules/acorn-loose,no
npm,ajv,6.15.0,MIT,https://registry.npmjs.org/ajv/6.15.0,git+https://github.com/ajv-validator/ajv.git,https://registry.npmjs.org/ajv/6.15.0,lock license equals versioned npm metadata,frontend/package-lock.json:node_modules/ajv,no
npm,ajv,8.20.0,MIT,https://registry.npmjs.org/ajv/8.20.0,git+https://github.com/ajv-validator/ajv.git,https://registry.npmjs.org/ajv/8.20.0,lock license equals versioned npm metadata,frontend/package-lock.json:node_modules/ajv-formats/node_modules/ajv; frontend/package-lock.json:node_modules/schema-utils/node_modules/ajv,no
npm,ajv-formats,2.1.1,MIT,https://registry.npmjs.org/ajv-formats/2.1.1,git+https://github.com/ajv-validator/ajv-formats.git,https://registry.npmjs.org/ajv-formats/2.1.1,lock license equals versioned npm metadata,frontend/package-lock.json:node_modules/ajv-formats,no
npm,ajv-keywords,5.1.0,MIT,https://registry.npmjs.org/ajv-keywords/5.1.0,git+https://github.com/epoberezkin/ajv-keywords.git,https://registry.npmjs.org/ajv-keywords/5.1.0,lock license equals versioned npm metadata,frontend/package-lock.json:node_modules/schema-utils/node_modules/ajv-keywords,no
npm,ansi-styles,4.3.0,MIT,https://registry.npmjs.org/ansi-styles/4.3.0,git+https://github.com/chalk/ansi-styles.git,https://registry.npmjs.org/ansi-styles/4.3.0,lock license equals versioned npm metadata,frontend/package-lock.json:node_modules/ansi-styles,no
npm,argparse,2.0.1,Python-2.0,https://registry.npmjs.org/argparse/2.0.1,git+https://github.com/nodeca/argparse.git,https://registry.npmjs.org/argparse/2.0.1,lock license equals versioned npm metadata,frontend/package-lock.json:node_modules/argparse,no
npm,aria-query,5.3.2,Apache-2.0,https://registry.npmjs.org/aria-query/5.3.2,git+https://github.com/A11yance/aria-query.git,https://registry.npmjs.org/aria-query/5.3.2,lock license equals versioned npm metadata,frontend/package-lock.json:node_modules/aria-query,no
npm,array-buffer-byte-length,1.0.2,MIT,https://registry.npmjs.org/array-buffer-byte-length/1.0.2,git+https://github.com/inspect-js/array-buffer-byte-length.git,https://registry.npmjs.org/array-buffer-byte-length/1.0.2,lock license equals versioned npm metadata,frontend/package-lock.json:node_modules/array-buffer-byte-length,no
npm,array-includes,3.1.9,MIT,https://registry.npmjs.org/array-includes/3.1.9,git://github.com/es-shims/array-includes.git,https://registry.npmjs.org/array-includes/3.1.9,lock license equals versioned npm metadata,frontend/package-lock.json:node_modules/array-includes,no
npm,array.prototype.findlast,1.2.5,MIT,https://registry.npmjs.org/array.prototype.findlast/1.2.5,git+https://github.com/es-shims/Array.prototype.findLast.git,https://registry.npmjs.org/array.prototype.findlast/1.2.5,lock license equals versioned npm metadata,frontend/package-lock.json:node_modules/array.prototype.findlast,no
npm,array.prototype.findlastindex,1.2.6,MIT,https://registry.npmjs.org/array.prototype.findlastindex/1.2.6,git+https://github.com/es-shims/Array.prototype.findLastIndex.git,https://registry.npmjs.org/array.prototype.findlastindex/1.2.6,lock license equals versioned npm metadata,frontend/package-lock.json:node_modules/array.prototype.findlastindex,no
npm,array.prototype.flat,1.3.3,MIT,https://registry.npmjs.org/array.prototype.flat/1.3.3,git://github.com/es-shims/Array.prototype.flat.git,https://registry.npmjs.org/array.prototype.flat/1.3.3,lock license equals versioned npm metadata,frontend/package-lock.json:node_modules/array.prototype.flat,no
npm,array.prototype.flatmap,1.3.3,MIT,https://registry.npmjs.org/array.prototype.flatmap/1.3.3,git://github.com/es-shims/Array.prototype.flatMap.git,https://registry.npmjs.org/array.prototype.flatmap/1.3.3,lock license equals versioned npm metadata,frontend/package-lock.json:node_modules/array.prototype.flatmap,no
npm,array.prototype.tosorted,1.1.4,MIT,https://registry.npmjs.org/array.prototype.tosorted/1.1.4,git+https://github.com/es-shims/Array.prototype.toSorted.git,https://registry.npmjs.org/array.prototype.tosorted/1.1.4,lock license equals versioned npm metadata,frontend/package-lock.json:node_modules/array.prototype.tosorted,no
npm,arraybuffer.prototype.slice,1.0.4,MIT,https://registry.npmjs.org/arraybuffer.prototype.slice/1.0.4,git+https://github.com/es-shims/ArrayBuffer.prototype.slice.git,https://registry.npmjs.org/arraybuffer.prototype.slice/1.0.4,lock license equals versioned npm metadata,frontend/package-lock.json:node_modules/arraybuffer.prototype.slice,no
npm,ast-types-flow,0.0.8,MIT,https://registry.npmjs.org/ast-types-flow/0.0.8,git+https://github.com/kyldvs/ast-types-flow.git,https://registry.npmjs.org/ast-types-flow/0.0.8,lock license equals versioned npm metadata,frontend/package-lock.json:node_modules/ast-types-flow,no
npm,async-function,1.0.0,MIT,https://registry.npmjs.org/async-function/1.0.0,git+https://github.com/ljharb/async-function.git,https://registry.npmjs.org/async-function/1.0.0,lock license equals versioned npm metadata,frontend/package-lock.json:node_modules/async-function,no
npm,available-typed-arrays,1.0.7,MIT,https://registry.npmjs.org/available-typed-arrays/1.0.7,git+https://github.com/inspect-js/available-typed-arrays.git,https://registry.npmjs.org/available-typed-arrays/1.0.7,lock license equals versioned npm metadata,frontend/package-lock.json:node_modules/available-typed-arrays,no
npm,axe-core,4.11.4,MPL-2.0,https://registry.npmjs.org/axe-core/4.11.4,git+https://github.com/dequelabs/axe-core.git,https://registry.npmjs.org/axe-core/4.11.4,lock license equals versioned npm metadata,frontend/package-lock.json:node_modules/axe-core,no
npm,axobject-query,4.1.0,Apache-2.0,https://registry.npmjs.org/axobject-query/4.1.0,git+https://github.com/A11yance/axobject-query.git,https://registry.npmjs.org/axobject-query/4.1.0,lock license equals versioned npm metadata,frontend/package-lock.json:node_modules/axobject-query,no
npm,balanced-match,1.0.2,MIT,https://registry.npmjs.org/balanced-match/1.0.2,git://github.com/juliangruber/balanced-match.git,https://registry.npmjs.org/balanced-match/1.0.2,lock license equals versioned npm metadata,frontend/package-lock.json:node_modules/balanced-match,no
npm,balanced-match,4.0.4,MIT,https://registry.npmjs.org/balanced-match/4.0.4,git://github.com/juliangruber/balanced-match.git,https://registry.npmjs.org/balanced-match/4.0.4,lock license equals versioned npm metadata,frontend/package-lock.json:node_modules/@typescript-eslint/typescript-estree/node_modules/balanced-match,no
npm,base64-js,0.0.8,MIT,https://registry.npmjs.org/base64-js/0.0.8,git://github.com/beatgammit/base64-js.git,https://registry.npmjs.org/base64-js/0.0.8,lock license equals versioned npm metadata,frontend/package-lock.json:node_modules/base64-js,no
npm,baseline-browser-mapping,2.10.30,Apache-2.0,https://registry.npmjs.org/baseline-browser-mapping/2.10.30,git+https://github.com/web-platform-dx/baseline-browser-mapping.git,https://registry.npmjs.org/baseline-browser-mapping/2.10.30,lock license equals versioned npm metadata,frontend/package-lock.json:node_modules/baseline-browser-mapping,no
npm,blake3-wasm,2.1.5,MIT,https://registry.npmjs.org/blake3-wasm/2.1.5,git+https://github.com/connor4312/blake3.git,https://registry.npmjs.org/blake3-wasm/2.1.5,lock license equals versioned npm metadata,frontend/package-lock.json:node_modules/blake3-wasm,no
npm,brace-expansion,1.1.14,MIT,https://registry.npmjs.org/brace-expansion/1.1.14,git://github.com/juliangruber/brace-expansion.git,https://registry.npmjs.org/brace-expansion/1.1.14,lock license equals versioned npm metadata,frontend/package-lock.json:node_modules/brace-expansion,no
npm,brace-expansion,5.0.6,MIT,https://registry.npmjs.org/brace-expansion/5.0.6,git+ssh://git@github.com/juliangruber/brace-expansion.git,https://registry.npmjs.org/brace-expansion/5.0.6,lock license equals versioned npm metadata,frontend/package-lock.json:node_modules/@typescript-eslint/typescript-estree/node_modules/brace-expansion,no
npm,braces,3.0.3,MIT,https://registry.npmjs.org/braces/3.0.3,git+https://github.com/micromatch/braces.git,https://registry.npmjs.org/braces/3.0.3,lock license equals versioned npm metadata,frontend/package-lock.json:node_modules/braces,no
npm,browserslist,4.28.2,MIT,https://registry.npmjs.org/browserslist/4.28.2,git+https://github.com/browserslist/browserslist.git,https://registry.npmjs.org/browserslist/4.28.2,lock license equals versioned npm metadata,frontend/package-lock.json:node_modules/browserslist,no
npm,buffer-from,1.1.2,MIT,https://registry.npmjs.org/buffer-from/1.1.2,git+https://github.com/LinusU/buffer-from.git,https://registry.npmjs.org/buffer-from/1.1.2,lock license equals versioned npm metadata,frontend/package-lock.json:node_modules/buffer-from,no
npm,call-bind,1.0.9,MIT,https://registry.npmjs.org/call-bind/1.0.9,git+https://github.com/ljharb/call-bind.git,https://registry.npmjs.org/call-bind/1.0.9,lock license equals versioned npm metadata,frontend/package-lock.json:node_modules/call-bind,no
npm,call-bind-apply-helpers,1.0.2,MIT,https://registry.npmjs.org/call-bind-apply-helpers/1.0.2,git+https://github.com/ljharb/call-bind-apply-helpers.git,https://registry.npmjs.org/call-bind-apply-helpers/1.0.2,lock license equals versioned npm metadata,frontend/package-lock.json:node_modules/call-bind-apply-helpers,no
npm,call-bound,1.0.4,MIT,https://registry.npmjs.org/call-bound/1.0.4,git+https://github.com/ljharb/call-bound.git,https://registry.npmjs.org/call-bound/1.0.4,lock license equals versioned npm metadata,frontend/package-lock.json:node_modules/call-bound,no
npm,callsites,3.1.0,MIT,https://registry.npmjs.org/callsites/3.1.0,git+https://github.com/sindresorhus/callsites.git,https://registry.npmjs.org/callsites/3.1.0,lock license equals versioned npm metadata,frontend/package-lock.json:node_modules/callsites,no
npm,camelize,1.0.1,MIT,https://registry.npmjs.org/camelize/1.0.1,git://github.com/ljharb/camelize.git,https://registry.npmjs.org/camelize/1.0.1,lock license equals versioned npm metadata,frontend/package-lock.json:node_modules/camelize,no
npm,caniuse-lite,1.0.30001793,CC-BY-4.0,https://registry.npmjs.org/caniuse-lite/1.0.30001793,git+https://github.com/browserslist/caniuse-lite.git,https://registry.npmjs.org/caniuse-lite/1.0.30001793,lock license equals versioned npm metadata,frontend/package-lock.json:node_modules/caniuse-lite,no
npm,chalk,4.1.2,MIT,https://registry.npmjs.org/chalk/4.1.2,git+https://github.com/chalk/chalk.git,https://registry.npmjs.org/chalk/4.1.2,lock license equals versioned npm metadata,frontend/package-lock.json:node_modules/chalk,no
npm,chrome-trace-event,1.0.4,MIT,https://registry.npmjs.org/chrome-trace-event/1.0.4,git+https://github.com/samccone/chrome-trace-event.git,https://registry.npmjs.org/chrome-trace-event/1.0.4,lock license equals versioned npm metadata,frontend/package-lock.json:node_modules/chrome-trace-event,no
npm,client-only,0.0.1,MIT,https://registry.npmjs.org/client-only/0.0.1,,https://registry.npmjs.org/client-only/0.0.1,lock license equals versioned npm metadata,frontend/package-lock.json:node_modules/client-only,no
npm,color-convert,2.0.1,MIT,https://registry.npmjs.org/color-convert/2.0.1,git+https://github.com/Qix-/color-convert.git,https://registry.npmjs.org/color-convert/2.0.1,lock license equals versioned npm metadata,frontend/package-lock.json:node_modules/color-convert,no
npm,color-name,1.1.4,MIT,https://registry.npmjs.org/color-name/1.1.4,git+ssh://git@github.com/colorjs/color-name.git,https://registry.npmjs.org/color-name/1.1.4,lock license equals versioned npm metadata,frontend/package-lock.json:node_modules/color-name,no
npm,commander,2.20.3,MIT,https://registry.npmjs.org/commander/2.20.3,git+https://github.com/tj/commander.js.git,https://registry.npmjs.org/commander/2.20.3,lock license equals versioned npm metadata,frontend/package-lock.json:node_modules/commander,no
npm,concat-map,0.0.1,MIT,https://registry.npmjs.org/concat-map/0.0.1,git://github.com/substack/node-concat-map.git,https://registry.npmjs.org/concat-map/0.0.1,lock license equals versioned npm metadata,frontend/package-lock.json:node_modules/concat-map,no
npm,convert-source-map,2.0.0,MIT,https://registry.npmjs.org/convert-source-map/2.0.0,git://github.com/thlorenz/convert-source-map.git,https://registry.npmjs.org/convert-source-map/2.0.0,lock license equals versioned npm metadata,frontend/package-lock.json:node_modules/convert-source-map,no
npm,cookie,1.1.1,MIT,https://registry.npmjs.org/cookie/1.1.1,git+https://github.com/jshttp/cookie.git,https://registry.npmjs.org/cookie/1.1.1,lock license equals versioned npm metadata,frontend/package-lock.json:node_modules/cookie,no
npm,cross-env,10.1.0,MIT,https://registry.npmjs.org/cross-env/10.1.0,git+https://github.com/kentcdodds/cross-env.git,https://registry.npmjs.org/cross-env/10.1.0,lock license equals versioned npm metadata,frontend/package-lock.json:node_modules/cross-env,no
npm,cross-spawn,7.0.6,MIT,https://registry.npmjs.org/cross-spawn/7.0.6,git+ssh://git@github.com/moxystudio/node-cross-spawn.git,https://registry.npmjs.org/cross-spawn/7.0.6,lock license equals versioned npm metadata,frontend/package-lock.json:node_modules/cross-spawn,no
npm,css-background-parser,0.1.0,MIT,https://registry.npmjs.org/css-background-parser/0.1.0,git+https://github.com/gilmoreorless/css-background-parser.git,https://registry.npmjs.org/css-background-parser/0.1.0,lock license equals versioned npm metadata,frontend/package-lock.json:node_modules/css-background-parser,no
npm,css-box-shadow,1.0.0-3,MIT,https://registry.npmjs.org/css-box-shadow/1.0.0-3,,https://registry.npmjs.org/css-box-shadow/1.0.0-3,lock license equals versioned npm metadata,frontend/package-lock.json:node_modules/css-box-shadow,no
npm,css-color-keywords,1.0.0,ISC,https://registry.npmjs.org/css-color-keywords/1.0.0,git+https://github.com/sonicdoe/css-color-keywords.git,https://registry.npmjs.org/css-color-keywords/1.0.0,lock license equals versioned npm metadata,frontend/package-lock.json:node_modules/css-color-keywords,no
npm,css-gradient-parser,0.0.16,MIT,https://registry.npmjs.org/css-gradient-parser/0.0.16,,https://registry.npmjs.org/css-gradient-parser/0.0.16,lock license equals versioned npm metadata,frontend/package-lock.json:node_modules/css-gradient-parser,no
npm,css-to-react-native,3.2.0,MIT,https://registry.npmjs.org/css-to-react-native/3.2.0,git+https://github.com/styled-components/css-to-react-native.git,https://registry.npmjs.org/css-to-react-native/3.2.0,lock license equals versioned npm metadata,frontend/package-lock.json:node_modules/css-to-react-native,no
npm,csstype,3.2.3,MIT,https://registry.npmjs.org/csstype/3.2.3,git+https://github.com/frenic/csstype.git,https://registry.npmjs.org/csstype/3.2.3,lock license equals versioned npm metadata,frontend/package-lock.json:node_modules/csstype,no
npm,damerau-levenshtein,1.0.8,BSD-2-Clause,https://registry.npmjs.org/damerau-levenshtein/1.0.8,git+https://github.com/tad-lispy/node-damerau-levenshtein.git,https://registry.npmjs.org/damerau-levenshtein/1.0.8,lock license equals versioned npm metadata,frontend/package-lock.json:node_modules/damerau-levenshtein,no
npm,data-view-buffer,1.0.2,MIT,https://registry.npmjs.org/data-view-buffer/1.0.2,git+https://github.com/inspect-js/data-view-buffer.git,https://registry.npmjs.org/data-view-buffer/1.0.2,lock license equals versioned npm metadata,frontend/package-lock.json:node_modules/data-view-buffer,no
npm,data-view-byte-length,1.0.2,MIT,https://registry.npmjs.org/data-view-byte-length/1.0.2,git+https://github.com/inspect-js/data-view-byte-length.git,https://registry.npmjs.org/data-view-byte-length/1.0.2,lock license equals versioned npm metadata,frontend/package-lock.json:node_modules/data-view-byte-length,no
npm,data-view-byte-offset,1.0.1,MIT,https://registry.npmjs.org/data-view-byte-offset/1.0.1,git+https://github.com/inspect-js/data-view-byte-offset.git,https://registry.npmjs.org/data-view-byte-offset/1.0.1,lock license equals versioned npm metadata,frontend/package-lock.json:node_modules/data-view-byte-offset,no
npm,debug,3.2.7,MIT,https://registry.npmjs.org/debug/3.2.7,git://github.com/visionmedia/debug.git,https://registry.npmjs.org/debug/3.2.7,lock license equals versioned npm metadata,frontend/package-lock.json:node_modules/eslint-import-resolver-node/node_modules/debug; frontend/package-lock.json:node_modules/eslint-module-utils/node_modules/debug; frontend/package-lock.json:node_modules/eslint-plugin-import/node_modules/debug,no
npm,debug,4.4.3,MIT,https://registry.npmjs.org/debug/4.4.3,git://github.com/debug-js/debug.git,https://registry.npmjs.org/debug/4.4.3,lock license equals versioned npm metadata,frontend/package-lock.json:node_modules/debug,no
npm,deep-is,0.1.4,MIT,https://registry.npmjs.org/deep-is/0.1.4,git+ssh://git@github.com/thlorenz/deep-is.git,https://registry.npmjs.org/deep-is/0.1.4,lock license equals versioned npm metadata,frontend/package-lock.json:node_modules/deep-is,no
npm,define-data-property,1.1.4,MIT,https://registry.npmjs.org/define-data-property/1.1.4,git+https://github.com/ljharb/define-data-property.git,https://registry.npmjs.org/define-data-property/1.1.4,lock license equals versioned npm metadata,frontend/package-lock.json:node_modules/define-data-property,no
npm,define-properties,1.2.1,MIT,https://registry.npmjs.org/define-properties/1.2.1,git://github.com/ljharb/define-properties.git,https://registry.npmjs.org/define-properties/1.2.1,lock license equals versioned npm metadata,frontend/package-lock.json:node_modules/define-properties,no
npm,detect-libc,2.1.2,Apache-2.0,https://registry.npmjs.org/detect-libc/2.1.2,git://github.com/lovell/detect-libc.git,https://registry.npmjs.org/detect-libc/2.1.2,lock license equals versioned npm metadata,frontend/package-lock.json:node_modules/detect-libc,no
npm,doctrine,2.1.0,Apache-2.0,https://registry.npmjs.org/doctrine/2.1.0,git+https://github.com/eslint/doctrine.git,https://registry.npmjs.org/doctrine/2.1.0,lock license equals versioned npm metadata,frontend/package-lock.json:node_modules/doctrine,no
npm,dunder-proto,1.0.1,MIT,https://registry.npmjs.org/dunder-proto/1.0.1,git+https://github.com/es-shims/dunder-proto.git,https://registry.npmjs.org/dunder-proto/1.0.1,lock license equals versioned npm metadata,frontend/package-lock.json:node_modules/dunder-proto,no
npm,electron-to-chromium,1.5.358,ISC,https://registry.npmjs.org/electron-to-chromium/1.5.358,git+https://github.com/Kilian/electron-to-chromium.git,https://registry.npmjs.org/electron-to-chromium/1.5.358,lock license equals versioned npm metadata,frontend/package-lock.json:node_modules/electron-to-chromium,no
npm,emoji-regex,9.2.2,MIT,https://registry.npmjs.org/emoji-regex/9.2.2,git+https://github.com/mathiasbynens/emoji-regex.git,https://registry.npmjs.org/emoji-regex/9.2.2,lock license equals versioned npm metadata,frontend/package-lock.json:node_modules/emoji-regex,no
npm,emoji-regex-xs,2.0.1,MIT,https://registry.npmjs.org/emoji-regex-xs/2.0.1,git+https://github.com/slevithan/emoji-regex-xs.git,https://registry.npmjs.org/emoji-regex-xs/2.0.1,lock license equals versioned npm metadata,frontend/package-lock.json:node_modules/emoji-regex-xs,no
npm,enhanced-resolve,5.21.3,MIT,https://registry.npmjs.org/enhanced-resolve/5.21.3,git://github.com/webpack/enhanced-resolve.git,https://registry.npmjs.org/enhanced-resolve/5.21.3,lock license equals versioned npm metadata,frontend/package-lock.json:node_modules/enhanced-resolve,no
npm,error-stack-parser-es,1.0.5,MIT,https://registry.npmjs.org/error-stack-parser-es/1.0.5,git+https://github.com/antfu/error-stack-parser-es.git,https://registry.npmjs.org/error-stack-parser-es/1.0.5,lock license equals versioned npm metadata,frontend/package-lock.json:node_modules/error-stack-parser-es,no
npm,es-abstract,1.24.2,MIT,https://registry.npmjs.org/es-abstract/1.24.2,git://github.com/ljharb/es-abstract.git,https://registry.npmjs.org/es-abstract/1.24.2,lock license equals versioned npm metadata,frontend/package-lock.json:node_modules/es-abstract,no
npm,es-define-property,1.0.1,MIT,https://registry.npmjs.org/es-define-property/1.0.1,git+https://github.com/ljharb/es-define-property.git,https://registry.npmjs.org/es-define-property/1.0.1,lock license equals versioned npm metadata,frontend/package-lock.json:node_modules/es-define-property,no
npm,es-errors,1.3.0,MIT,https://registry.npmjs.org/es-errors/1.3.0,git+https://github.com/ljharb/es-errors.git,https://registry.npmjs.org/es-errors/1.3.0,lock license equals versioned npm metadata,frontend/package-lock.json:node_modules/es-errors,no
npm,es-iterator-helpers,1.3.2,MIT,https://registry.npmjs.org/es-iterator-helpers/1.3.2,git+https://github.com/es-shims/iterator-helpers.git,https://registry.npmjs.org/es-iterator-helpers/1.3.2,lock license equals versioned npm metadata,frontend/package-lock.json:node_modules/es-iterator-helpers,no
npm,es-module-lexer,1.7.0,MIT,https://registry.npmjs.org/es-module-lexer/1.7.0,git+https://github.com/guybedford/es-module-lexer.git,https://registry.npmjs.org/es-module-lexer/1.7.0,lock license equals versioned npm metadata,frontend/package-lock.json:node_modules/vite-plugin-dynamic-import/node_modules/es-module-lexer,no
npm,es-module-lexer,2.1.0,MIT,https://registry.npmjs.org/es-module-lexer/2.1.0,git+https://github.com/guybedford/es-module-lexer.git,https://registry.npmjs.org/es-module-lexer/2.1.0,lock license equals versioned npm metadata,frontend/package-lock.json:node_modules/es-module-lexer,no
npm,es-object-atoms,1.1.1,MIT,https://registry.npmjs.org/es-object-atoms/1.1.1,git+https://github.com/ljharb/es-object-atoms.git,https://registry.npmjs.org/es-object-atoms/1.1.1,lock license equals versioned npm metadata,frontend/package-lock.json:node_modules/es-object-atoms,no
npm,es-set-tostringtag,2.1.0,MIT,https://registry.npmjs.org/es-set-tostringtag/2.1.0,git+https://github.com/es-shims/es-set-tostringtag.git,https://registry.npmjs.org/es-set-tostringtag/2.1.0,lock license equals versioned npm metadata,frontend/package-lock.json:node_modules/es-set-tostringtag,no
npm,es-shim-unscopables,1.1.0,MIT,https://registry.npmjs.org/es-shim-unscopables/1.1.0,git+https://github.com/ljharb/es-shim-unscopables.git,https://registry.npmjs.org/es-shim-unscopables/1.1.0,lock license equals versioned npm metadata,frontend/package-lock.json:node_modules/es-shim-unscopables,no
npm,es-to-primitive,1.3.0,MIT,https://registry.npmjs.org/es-to-primitive/1.3.0,git://github.com/ljharb/es-to-primitive.git,https://registry.npmjs.org/es-to-primitive/1.3.0,lock license equals versioned npm metadata,frontend/package-lock.json:node_modules/es-to-primitive,no
npm,esbuild,0.27.3,MIT,https://registry.npmjs.org/esbuild/0.27.3,git+https://github.com/evanw/esbuild.git,https://registry.npmjs.org/esbuild/0.27.3,lock license equals versioned npm metadata,frontend/package-lock.json:node_modules/wrangler/node_modules/esbuild,no
npm,escalade,3.2.0,MIT,https://registry.npmjs.org/escalade/3.2.0,git+https://github.com/lukeed/escalade.git,https://registry.npmjs.org/escalade/3.2.0,lock license equals versioned npm metadata,frontend/package-lock.json:node_modules/escalade,no
npm,escape-html,1.0.3,MIT,https://registry.npmjs.org/escape-html/1.0.3,https://github.com/component/escape-html,https://registry.npmjs.org/escape-html/1.0.3,lock license equals versioned npm metadata,frontend/package-lock.json:node_modules/escape-html,no
npm,escape-string-regexp,4.0.0,MIT,https://registry.npmjs.org/escape-string-regexp/4.0.0,git+https://github.com/sindresorhus/escape-string-regexp.git,https://registry.npmjs.org/escape-string-regexp/4.0.0,lock license equals versioned npm metadata,frontend/package-lock.json:node_modules/escape-string-regexp,no
npm,eslint,9.39.4,MIT,https://registry.npmjs.org/eslint/9.39.4,git+https://github.com/eslint/eslint.git,https://registry.npmjs.org/eslint/9.39.4,lock license equals versioned npm metadata,frontend/package-lock.json:node_modules/eslint,no
npm,eslint-config-next,16.2.6,MIT,https://registry.npmjs.org/eslint-config-next/16.2.6,git+https://github.com/vercel/next.js.git,https://registry.npmjs.org/eslint-config-next/16.2.6,lock license equals versioned npm metadata,frontend/package-lock.json:node_modules/eslint-config-next,no
npm,eslint-import-resolver-node,0.3.10,MIT,https://registry.npmjs.org/eslint-import-resolver-node/0.3.10,git+https://github.com/import-js/eslint-plugin-import.git,https://registry.npmjs.org/eslint-import-resolver-node/0.3.10,lock license equals versioned npm metadata,frontend/package-lock.json:node_modules/eslint-import-resolver-node,no
npm,eslint-import-resolver-typescript,3.10.1,ISC,https://registry.npmjs.org/eslint-import-resolver-typescript/3.10.1,git+https://github.com/import-js/eslint-import-resolver-typescript.git,https://registry.npmjs.org/eslint-import-resolver-typescript/3.10.1,lock license equals versioned npm metadata,frontend/package-lock.json:node_modules/eslint-import-resolver-typescript,no
npm,eslint-module-utils,2.12.1,MIT,https://registry.npmjs.org/eslint-module-utils/2.12.1,git+https://github.com/import-js/eslint-plugin-import.git,https://registry.npmjs.org/eslint-module-utils/2.12.1,lock license equals versioned npm metadata,frontend/package-lock.json:node_modules/eslint-module-utils,no
npm,eslint-plugin-import,2.32.0,MIT,https://registry.npmjs.org/eslint-plugin-import/2.32.0,git+https://github.com/import-js/eslint-plugin-import.git,https://registry.npmjs.org/eslint-plugin-import/2.32.0,lock license equals versioned npm metadata,frontend/package-lock.json:node_modules/eslint-plugin-import,no
npm,eslint-plugin-jsx-a11y,6.10.2,MIT,https://registry.npmjs.org/eslint-plugin-jsx-a11y/6.10.2,git+https://github.com/jsx-eslint/eslint-plugin-jsx-a11y.git,https://registry.npmjs.org/eslint-plugin-jsx-a11y/6.10.2,lock license equals versioned npm metadata,frontend/package-lock.json:node_modules/eslint-plugin-jsx-a11y,no
npm,eslint-plugin-react,7.37.5,MIT,https://registry.npmjs.org/eslint-plugin-react/7.37.5,git+https://github.com/jsx-eslint/eslint-plugin-react.git,https://registry.npmjs.org/eslint-plugin-react/7.37.5,lock license equals versioned npm metadata,frontend/package-lock.json:node_modules/eslint-plugin-react,no
npm,eslint-plugin-react-hooks,7.1.1,MIT,https://registry.npmjs.org/eslint-plugin-react-hooks/7.1.1,git+https://github.com/facebook/react.git,https://registry.npmjs.org/eslint-plugin-react-hooks/7.1.1,lock license equals versioned npm metadata,frontend/package-lock.json:node_modules/eslint-plugin-react-hooks,no
npm,eslint-scope,5.1.1,BSD-2-Clause,https://registry.npmjs.org/eslint-scope/5.1.1,git+https://github.com/eslint/eslint-scope.git,https://registry.npmjs.org/eslint-scope/5.1.1,lock license equals versioned npm metadata,frontend/package-lock.json:node_modules/webpack/node_modules/eslint-scope,no
npm,eslint-scope,8.4.0,BSD-2-Clause,https://registry.npmjs.org/eslint-scope/8.4.0,git+https://github.com/eslint/js.git,https://registry.npmjs.org/eslint-scope/8.4.0,lock license equals versioned npm metadata,frontend/package-lock.json:node_modules/eslint-scope,no
npm,eslint-visitor-keys,3.4.3,Apache-2.0,https://registry.npmjs.org/eslint-visitor-keys/3.4.3,git+https://github.com/eslint/eslint-visitor-keys.git,https://registry.npmjs.org/eslint-visitor-keys/3.4.3,lock license equals versioned npm metadata,frontend/package-lock.json:node_modules/@eslint-community/eslint-utils/node_modules/eslint-visitor-keys,no
npm,eslint-visitor-keys,4.2.1,Apache-2.0,https://registry.npmjs.org/eslint-visitor-keys/4.2.1,git+https://github.com/eslint/js.git,https://registry.npmjs.org/eslint-visitor-keys/4.2.1,lock license equals versioned npm metadata,frontend/package-lock.json:node_modules/eslint-visitor-keys,no
npm,eslint-visitor-keys,5.0.1,Apache-2.0,https://registry.npmjs.org/eslint-visitor-keys/5.0.1,git+https://github.com/eslint/js.git,https://registry.npmjs.org/eslint-visitor-keys/5.0.1,lock license equals versioned npm metadata,frontend/package-lock.json:node_modules/@typescript-eslint/visitor-keys/node_modules/eslint-visitor-keys,no
npm,espree,10.4.0,BSD-2-Clause,https://registry.npmjs.org/espree/10.4.0,git+https://github.com/eslint/js.git,https://registry.npmjs.org/espree/10.4.0,lock license equals versioned npm metadata,frontend/package-lock.json:node_modules/espree,no
npm,esquery,1.7.0,BSD-3-Clause,https://registry.npmjs.org/esquery/1.7.0,git+https://github.com/estools/esquery.git,https://registry.npmjs.org/esquery/1.7.0,lock license equals versioned npm metadata,frontend/package-lock.json:node_modules/esquery,no
npm,esrecurse,4.3.0,BSD-2-Clause,https://registry.npmjs.org/esrecurse/4.3.0,git+https://github.com/estools/esrecurse.git,https://registry.npmjs.org/esrecurse/4.3.0,lock license equals versioned npm metadata,frontend/package-lock.json:node_modules/esrecurse,no
npm,estraverse,4.3.0,BSD-2-Clause,https://registry.npmjs.org/estraverse/4.3.0,git+ssh://git@github.com/estools/estraverse.git,https://registry.npmjs.org/estraverse/4.3.0,lock license equals versioned npm metadata,frontend/package-lock.json:node_modules/webpack/node_modules/estraverse,no
npm,estraverse,5.3.0,BSD-2-Clause,https://registry.npmjs.org/estraverse/5.3.0,git+ssh://git@github.com/estools/estraverse.git,https://registry.npmjs.org/estraverse/5.3.0,lock license equals versioned npm metadata,frontend/package-lock.json:node_modules/estraverse,no
npm,estree-walker,3.0.3,MIT,https://registry.npmjs.org/estree-walker/3.0.3,git+https://github.com/Rich-Harris/estree-walker.git,https://registry.npmjs.org/estree-walker/3.0.3,lock license equals versioned npm metadata,frontend/package-lock.json:node_modules/estree-walker,no
npm,esutils,2.0.3,BSD-2-Clause,https://registry.npmjs.org/esutils/2.0.3,git+ssh://git@github.com/estools/esutils.git,https://registry.npmjs.org/esutils/2.0.3,lock license equals versioned npm metadata,frontend/package-lock.json:node_modules/esutils,no
npm,events,3.3.0,MIT,https://registry.npmjs.org/events/3.3.0,git://github.com/Gozala/events.git,https://registry.npmjs.org/events/3.3.0,lock license equals versioned npm metadata,frontend/package-lock.json:node_modules/events,no
npm,fast-deep-equal,3.1.3,MIT,https://registry.npmjs.org/fast-deep-equal/3.1.3,git+https://github.com/epoberezkin/fast-deep-equal.git,https://registry.npmjs.org/fast-deep-equal/3.1.3,lock license equals versioned npm metadata,frontend/package-lock.json:node_modules/fast-deep-equal,no
npm,fast-glob,3.3.1,MIT,https://registry.npmjs.org/fast-glob/3.3.1,git+https://github.com/mrmlnc/fast-glob.git,https://registry.npmjs.org/fast-glob/3.3.1,lock license equals versioned npm metadata,frontend/package-lock.json:node_modules/fast-glob,no
npm,fast-glob,3.3.3,MIT,https://registry.npmjs.org/fast-glob/3.3.3,git+https://github.com/mrmlnc/fast-glob.git,https://registry.npmjs.org/fast-glob/3.3.3,lock license equals versioned npm metadata,frontend/package-lock.json:node_modules/vite-plugin-dynamic-import/node_modules/fast-glob,no
npm,fast-json-stable-stringify,2.1.0,MIT,https://registry.npmjs.org/fast-json-stable-stringify/2.1.0,git://github.com/epoberezkin/fast-json-stable-stringify.git,https://registry.npmjs.org/fast-json-stable-stringify/2.1.0,lock license equals versioned npm metadata,frontend/package-lock.json:node_modules/fast-json-stable-stringify,no
npm,fast-levenshtein,2.0.6,MIT,https://registry.npmjs.org/fast-levenshtein/2.0.6,git+https://github.com/hiddentao/fast-levenshtein.git,https://registry.npmjs.org/fast-levenshtein/2.0.6,lock license equals versioned npm metadata,frontend/package-lock.json:node_modules/fast-levenshtein,no
npm,fast-uri,3.1.2,BSD-3-Clause,https://registry.npmjs.org/fast-uri/3.1.2,git+https://github.com/fastify/fast-uri.git,https://registry.npmjs.org/fast-uri/3.1.2,lock license equals versioned npm metadata,frontend/package-lock.json:node_modules/fast-uri,no
npm,fastq,1.20.1,ISC,https://registry.npmjs.org/fastq/1.20.1,git+https://github.com/mcollina/fastq.git,https://registry.npmjs.org/fastq/1.20.1,lock license equals versioned npm metadata,frontend/package-lock.json:node_modules/fastq,no
npm,fdir,6.5.0,MIT,https://registry.npmjs.org/fdir/6.5.0,git+https://github.com/thecodrr/fdir.git,https://registry.npmjs.org/fdir/6.5.0,lock license equals versioned npm metadata,frontend/package-lock.json:node_modules/tinyglobby/node_modules/fdir,no
npm,fflate,0.7.4,MIT,https://registry.npmjs.org/fflate/0.7.4,git+https://github.com/101arrowz/fflate.git,https://registry.npmjs.org/fflate/0.7.4,lock license equals versioned npm metadata,frontend/package-lock.json:node_modules/fflate,no
npm,file-entry-cache,8.0.0,MIT,https://registry.npmjs.org/file-entry-cache/8.0.0,https://github.com/jaredwray/file-entry-cache.git,https://registry.npmjs.org/file-entry-cache/8.0.0,lock license equals versioned npm metadata,frontend/package-lock.json:node_modules/file-entry-cache,no
npm,fill-range,7.1.1,MIT,https://registry.npmjs.org/fill-range/7.1.1,git+https://github.com/jonschlinkert/fill-range.git,https://registry.npmjs.org/fill-range/7.1.1,lock license equals versioned npm metadata,frontend/package-lock.json:node_modules/fill-range,no
npm,find-up,5.0.0,MIT,https://registry.npmjs.org/find-up/5.0.0,git+https://github.com/sindresorhus/find-up.git,https://registry.npmjs.org/find-up/5.0.0,lock license equals versioned npm metadata,frontend/package-lock.json:node_modules/find-up,no
npm,flat-cache,4.0.1,MIT,https://registry.npmjs.org/flat-cache/4.0.1,https://github.com/jaredwray/flat-cache.git,https://registry.npmjs.org/flat-cache/4.0.1,lock license equals versioned npm metadata,frontend/package-lock.json:node_modules/flat-cache,no
npm,flatted,3.4.2,ISC,https://registry.npmjs.org/flatted/3.4.2,git+https://github.com/WebReflection/flatted.git,https://registry.npmjs.org/flatted/3.4.2,lock license equals versioned npm metadata,frontend/package-lock.json:node_modules/flatted,no
npm,for-each,0.3.5,MIT,https://registry.npmjs.org/for-each/0.3.5,git+https://github.com/Raynos/for-each.git,https://registry.npmjs.org/for-each/0.3.5,lock license equals versioned npm metadata,frontend/package-lock.json:node_modules/for-each,no
npm,fsevents,2.3.3,MIT,https://registry.npmjs.org/fsevents/2.3.3,git+https://github.com/fsevents/fsevents.git,https://registry.npmjs.org/fsevents/2.3.3,lock license equals versioned npm metadata,frontend/package-lock.json:node_modules/fsevents,no
npm,function-bind,1.1.2,MIT,https://registry.npmjs.org/function-bind/1.1.2,git+https://github.com/Raynos/function-bind.git,https://registry.npmjs.org/function-bind/1.1.2,lock license equals versioned npm metadata,frontend/package-lock.json:node_modules/function-bind,no
npm,function.prototype.name,1.1.8,MIT,https://registry.npmjs.org/function.prototype.name/1.1.8,git://github.com/es-shims/Function.prototype.name.git,https://registry.npmjs.org/function.prototype.name/1.1.8,lock license equals versioned npm metadata,frontend/package-lock.json:node_modules/function.prototype.name,no
npm,functions-have-names,1.2.3,MIT,https://registry.npmjs.org/functions-have-names/1.2.3,git+https://github.com/inspect-js/functions-have-names.git,https://registry.npmjs.org/functions-have-names/1.2.3,lock license equals versioned npm metadata,frontend/package-lock.json:node_modules/functions-have-names,no
npm,generator-function,2.0.1,MIT,https://registry.npmjs.org/generator-function/2.0.1,git+https://github.com/TimothyGu/generator-function.git,https://registry.npmjs.org/generator-function/2.0.1,lock license equals versioned npm metadata,frontend/package-lock.json:node_modules/generator-function,no
npm,gensync,1.0.0-beta.2,MIT,https://registry.npmjs.org/gensync/1.0.0-beta.2,git+https://github.com/loganfsmyth/gensync.git,https://registry.npmjs.org/gensync/1.0.0-beta.2,lock license equals versioned npm metadata,frontend/package-lock.json:node_modules/gensync,no
npm,get-intrinsic,1.3.0,MIT,https://registry.npmjs.org/get-intrinsic/1.3.0,git+https://github.com/ljharb/get-intrinsic.git,https://registry.npmjs.org/get-intrinsic/1.3.0,lock license equals versioned npm metadata,frontend/package-lock.json:node_modules/get-intrinsic,no
npm,get-proto,1.0.1,MIT,https://registry.npmjs.org/get-proto/1.0.1,git+https://github.com/ljharb/get-proto.git,https://registry.npmjs.org/get-proto/1.0.1,lock license equals versioned npm metadata,frontend/package-lock.json:node_modules/get-proto,no
npm,get-symbol-description,1.1.0,MIT,https://registry.npmjs.org/get-symbol-description/1.1.0,git+https://github.com/inspect-js/get-symbol-description.git,https://registry.npmjs.org/get-symbol-description/1.1.0,lock license equals versioned npm metadata,frontend/package-lock.json:node_modules/get-symbol-description,no
npm,get-tsconfig,4.14.0,MIT,https://registry.npmjs.org/get-tsconfig/4.14.0,git+https://github.com/privatenumber/get-tsconfig.git,https://registry.npmjs.org/get-tsconfig/4.14.0,lock license equals versioned npm metadata,frontend/package-lock.json:node_modules/get-tsconfig,no
npm,glob-parent,5.1.2,ISC,https://registry.npmjs.org/glob-parent/5.1.2,git+https://github.com/gulpjs/glob-parent.git,https://registry.npmjs.org/glob-parent/5.1.2,lock license equals versioned npm metadata,frontend/package-lock.json:node_modules/fast-glob/node_modules/glob-parent; frontend/package-lock.json:node_modules/vite-plugin-dynamic-import/node_modules/glob-parent,no
npm,glob-parent,6.0.2,ISC,https://registry.npmjs.org/glob-parent/6.0.2,git+https://github.com/gulpjs/glob-parent.git,https://registry.npmjs.org/glob-parent/6.0.2,lock license equals versioned npm metadata,frontend/package-lock.json:node_modules/glob-parent,no
npm,glob-to-regexp,0.4.1,BSD-2-Clause,https://registry.npmjs.org/glob-to-regexp/0.4.1,git+https://github.com/fitzgen/glob-to-regexp.git,https://registry.npmjs.org/glob-to-regexp/0.4.1,lock license equals versioned npm metadata,frontend/package-lock.json:node_modules/glob-to-regexp,no
npm,globals,14.0.0,MIT,https://registry.npmjs.org/globals/14.0.0,git+https://github.com/sindresorhus/globals.git,https://registry.npmjs.org/globals/14.0.0,lock license equals versioned npm metadata,frontend/package-lock.json:node_modules/globals,no
npm,globals,16.4.0,MIT,https://registry.npmjs.org/globals/16.4.0,git+https://github.com/sindresorhus/globals.git,https://registry.npmjs.org/globals/16.4.0,lock license equals versioned npm metadata,frontend/package-lock.json:node_modules/eslint-config-next/node_modules/globals,no
npm,globalthis,1.0.4,MIT,https://registry.npmjs.org/globalthis/1.0.4,git://github.com/ljharb/System.global.git,https://registry.npmjs.org/globalthis/1.0.4,lock license equals versioned npm metadata,frontend/package-lock.json:node_modules/globalthis,no
npm,globrex,0.1.2,MIT,https://registry.npmjs.org/globrex/0.1.2,git+https://github.com/terkelg/globrex.git,https://registry.npmjs.org/globrex/0.1.2,lock license equals versioned npm metadata,frontend/package-lock.json:node_modules/globrex,no
npm,gopd,1.2.0,MIT,https://registry.npmjs.org/gopd/1.2.0,git+https://github.com/ljharb/gopd.git,https://registry.npmjs.org/gopd/1.2.0,lock license equals versioned npm metadata,frontend/package-lock.json:node_modules/gopd,no
npm,graceful-fs,4.2.11,ISC,https://registry.npmjs.org/graceful-fs/4.2.11,git+https://github.com/isaacs/node-graceful-fs.git,https://registry.npmjs.org/graceful-fs/4.2.11,lock license equals versioned npm metadata,frontend/package-lock.json:node_modules/graceful-fs,no
npm,has-bigints,1.1.0,MIT,https://registry.npmjs.org/has-bigints/1.1.0,git+https://github.com/ljharb/has-bigints.git,https://registry.npmjs.org/has-bigints/1.1.0,lock license equals versioned npm metadata,frontend/package-lock.json:node_modules/has-bigints,no
npm,has-flag,4.0.0,MIT,https://registry.npmjs.org/has-flag/4.0.0,git+https://github.com/sindresorhus/has-flag.git,https://registry.npmjs.org/has-flag/4.0.0,lock license equals versioned npm metadata,frontend/package-lock.json:node_modules/has-flag,no
npm,has-property-descriptors,1.0.2,MIT,https://registry.npmjs.org/has-property-descriptors/1.0.2,git+https://github.com/inspect-js/has-property-descriptors.git,https://registry.npmjs.org/has-property-descriptors/1.0.2,lock license equals versioned npm metadata,frontend/package-lock.json:node_modules/has-property-descriptors,no
npm,has-proto,1.2.0,MIT,https://registry.npmjs.org/has-proto/1.2.0,git+https://github.com/inspect-js/has-proto.git,https://registry.npmjs.org/has-proto/1.2.0,lock license equals versioned npm metadata,frontend/package-lock.json:node_modules/has-proto,no
npm,has-symbols,1.1.0,MIT,https://registry.npmjs.org/has-symbols/1.1.0,git://github.com/inspect-js/has-symbols.git,https://registry.npmjs.org/has-symbols/1.1.0,lock license equals versioned npm metadata,frontend/package-lock.json:node_modules/has-symbols,no
npm,has-tostringtag,1.0.2,MIT,https://registry.npmjs.org/has-tostringtag/1.0.2,git+https://github.com/inspect-js/has-tostringtag.git,https://registry.npmjs.org/has-tostringtag/1.0.2,lock license equals versioned npm metadata,frontend/package-lock.json:node_modules/has-tostringtag,no
npm,hasown,2.0.3,MIT,https://registry.npmjs.org/hasown/2.0.3,git+https://github.com/inspect-js/hasOwn.git,https://registry.npmjs.org/hasown/2.0.3,lock license equals versioned npm metadata,frontend/package-lock.json:node_modules/hasown,no
npm,hermes-estree,0.25.1,MIT,https://registry.npmjs.org/hermes-estree/0.25.1,git@github.com:facebook/hermes.git,https://registry.npmjs.org/hermes-estree/0.25.1,lock license equals versioned npm metadata,frontend/package-lock.json:node_modules/hermes-estree,no
npm,hermes-parser,0.25.1,MIT,https://registry.npmjs.org/hermes-parser/0.25.1,git@github.com:facebook/hermes.git,https://registry.npmjs.org/hermes-parser/0.25.1,lock license equals versioned npm metadata,frontend/package-lock.json:node_modules/hermes-parser,no
npm,hex-rgb,4.3.0,MIT,https://registry.npmjs.org/hex-rgb/4.3.0,git+https://github.com/sindresorhus/hex-rgb.git,https://registry.npmjs.org/hex-rgb/4.3.0,lock license equals versioned npm metadata,frontend/package-lock.json:node_modules/hex-rgb,no
npm,ignore,5.3.2,MIT,https://registry.npmjs.org/ignore/5.3.2,git+ssh://git@github.com/kaelzhang/node-ignore.git,https://registry.npmjs.org/ignore/5.3.2,lock license equals versioned npm metadata,frontend/package-lock.json:node_modules/ignore,no
npm,ignore,7.0.5,MIT,https://registry.npmjs.org/ignore/7.0.5,git+ssh://git@github.com/kaelzhang/node-ignore.git,https://registry.npmjs.org/ignore/7.0.5,lock license equals versioned npm metadata,frontend/package-lock.json:node_modules/@typescript-eslint/eslint-plugin/node_modules/ignore,no
npm,image-size,2.0.2,MIT,https://registry.npmjs.org/image-size/2.0.2,git://github.com/image-size/image-size.git,https://registry.npmjs.org/image-size/2.0.2,lock license equals versioned npm metadata,frontend/package-lock.json:node_modules/image-size,no
npm,import-fresh,3.3.1,MIT,https://registry.npmjs.org/import-fresh/3.3.1,git+https://github.com/sindresorhus/import-fresh.git,https://registry.npmjs.org/import-fresh/3.3.1,lock license equals versioned npm metadata,frontend/package-lock.json:node_modules/import-fresh,no
npm,imurmurhash,0.1.4,MIT,https://registry.npmjs.org/imurmurhash/0.1.4,https://github.com/jensyt/imurmurhash-js,https://registry.npmjs.org/imurmurhash/0.1.4,lock license equals versioned npm metadata,frontend/package-lock.json:node_modules/imurmurhash,no
npm,internal-slot,1.1.0,MIT,https://registry.npmjs.org/internal-slot/1.1.0,git+https://github.com/ljharb/internal-slot.git,https://registry.npmjs.org/internal-slot/1.1.0,lock license equals versioned npm metadata,frontend/package-lock.json:node_modules/internal-slot,no
npm,ipaddr.js,2.4.0,MIT,https://registry.npmjs.org/ipaddr.js/2.4.0,git://github.com/whitequark/ipaddr.js.git,https://registry.npmjs.org/ipaddr.js/2.4.0,lock license equals versioned npm metadata,frontend/package-lock.json:node_modules/ipaddr.js,no
npm,is-array-buffer,3.0.5,MIT,https://registry.npmjs.org/is-array-buffer/3.0.5,git+https://github.com/inspect-js/is-array-buffer.git,https://registry.npmjs.org/is-array-buffer/3.0.5,lock license equals versioned npm metadata,frontend/package-lock.json:node_modules/is-array-buffer,no
npm,is-async-function,2.1.1,MIT,https://registry.npmjs.org/is-async-function/2.1.1,git://github.com/inspect-js/is-async-function.git,https://registry.npmjs.org/is-async-function/2.1.1,lock license equals versioned npm metadata,frontend/package-lock.json:node_modules/is-async-function,no
npm,is-bigint,1.1.0,MIT,https://registry.npmjs.org/is-bigint/1.1.0,git+https://github.com/inspect-js/is-bigint.git,https://registry.npmjs.org/is-bigint/1.1.0,lock license equals versioned npm metadata,frontend/package-lock.json:node_modules/is-bigint,no
npm,is-boolean-object,1.2.2,MIT,https://registry.npmjs.org/is-boolean-object/1.2.2,git://github.com/inspect-js/is-boolean-object.git,https://registry.npmjs.org/is-boolean-object/1.2.2,lock license equals versioned npm metadata,frontend/package-lock.json:node_modules/is-boolean-object,no
npm,is-bun-module,2.0.0,MIT,https://registry.npmjs.org/is-bun-module/2.0.0,git+https://github.com/SunsetTechuila/is-bun-module.git,https://registry.npmjs.org/is-bun-module/2.0.0,lock license equals versioned npm metadata,frontend/package-lock.json:node_modules/is-bun-module,no
npm,is-callable,1.2.7,MIT,https://registry.npmjs.org/is-callable/1.2.7,git://github.com/inspect-js/is-callable.git,https://registry.npmjs.org/is-callable/1.2.7,lock license equals versioned npm metadata,frontend/package-lock.json:node_modules/is-callable,no
npm,is-core-module,2.16.2,MIT,https://registry.npmjs.org/is-core-module/2.16.2,git+https://github.com/inspect-js/is-core-module.git,https://registry.npmjs.org/is-core-module/2.16.2,lock license equals versioned npm metadata,frontend/package-lock.json:node_modules/is-core-module,no
npm,is-data-view,1.0.2,MIT,https://registry.npmjs.org/is-data-view/1.0.2,git+https://github.com/inspect-js/is-data-view.git,https://registry.npmjs.org/is-data-view/1.0.2,lock license equals versioned npm metadata,frontend/package-lock.json:node_modules/is-data-view,no
npm,is-date-object,1.1.0,MIT,https://registry.npmjs.org/is-date-object/1.1.0,git://github.com/inspect-js/is-date-object.git,https://registry.npmjs.org/is-date-object/1.1.0,lock license equals versioned npm metadata,frontend/package-lock.json:node_modules/is-date-object,no
npm,is-extglob,2.1.1,MIT,https://registry.npmjs.org/is-extglob/2.1.1,git+https://github.com/jonschlinkert/is-extglob.git,https://registry.npmjs.org/is-extglob/2.1.1,lock license equals versioned npm metadata,frontend/package-lock.json:node_modules/is-extglob,no
npm,is-finalizationregistry,1.1.1,MIT,https://registry.npmjs.org/is-finalizationregistry/1.1.1,git+https://github.com/inspect-js/is-finalizationregistry.git,https://registry.npmjs.org/is-finalizationregistry/1.1.1,lock license equals versioned npm metadata,frontend/package-lock.json:node_modules/is-finalizationregistry,no
npm,is-generator-function,1.1.2,MIT,https://registry.npmjs.org/is-generator-function/1.1.2,git://github.com/inspect-js/is-generator-function.git,https://registry.npmjs.org/is-generator-function/1.1.2,lock license equals versioned npm metadata,frontend/package-lock.json:node_modules/is-generator-function,no
npm,is-glob,4.0.3,MIT,https://registry.npmjs.org/is-glob/4.0.3,git+https://github.com/micromatch/is-glob.git,https://registry.npmjs.org/is-glob/4.0.3,lock license equals versioned npm metadata,frontend/package-lock.json:node_modules/is-glob,no
npm,is-map,2.0.3,MIT,https://registry.npmjs.org/is-map/2.0.3,git+https://github.com/inspect-js/is-map.git,https://registry.npmjs.org/is-map/2.0.3,lock license equals versioned npm metadata,frontend/package-lock.json:node_modules/is-map,no
npm,is-negative-zero,2.0.3,MIT,https://registry.npmjs.org/is-negative-zero/2.0.3,git://github.com/inspect-js/is-negative-zero.git,https://registry.npmjs.org/is-negative-zero/2.0.3,lock license equals versioned npm metadata,frontend/package-lock.json:node_modules/is-negative-zero,no
npm,is-number,7.0.0,MIT,https://registry.npmjs.org/is-number/7.0.0,git+https://github.com/jonschlinkert/is-number.git,https://registry.npmjs.org/is-number/7.0.0,lock license equals versioned npm metadata,frontend/package-lock.json:node_modules/is-number,no
npm,is-number-object,1.1.1,MIT,https://registry.npmjs.org/is-number-object/1.1.1,git://github.com/inspect-js/is-number-object.git,https://registry.npmjs.org/is-number-object/1.1.1,lock license equals versioned npm metadata,frontend/package-lock.json:node_modules/is-number-object,no
npm,is-regex,1.2.1,MIT,https://registry.npmjs.org/is-regex/1.2.1,git://github.com/inspect-js/is-regex.git,https://registry.npmjs.org/is-regex/1.2.1,lock license equals versioned npm metadata,frontend/package-lock.json:node_modules/is-regex,no
npm,is-set,2.0.3,MIT,https://registry.npmjs.org/is-set/2.0.3,git+https://github.com/inspect-js/is-set.git,https://registry.npmjs.org/is-set/2.0.3,lock license equals versioned npm metadata,frontend/package-lock.json:node_modules/is-set,no
npm,is-shared-array-buffer,1.0.4,MIT,https://registry.npmjs.org/is-shared-array-buffer/1.0.4,git+https://github.com/inspect-js/is-shared-array-buffer.git,https://registry.npmjs.org/is-shared-array-buffer/1.0.4,lock license equals versioned npm metadata,frontend/package-lock.json:node_modules/is-shared-array-buffer,no
npm,is-string,1.1.1,MIT,https://registry.npmjs.org/is-string/1.1.1,git://github.com/inspect-js/is-string.git,https://registry.npmjs.org/is-string/1.1.1,lock license equals versioned npm metadata,frontend/package-lock.json:node_modules/is-string,no
npm,is-symbol,1.1.1,MIT,https://registry.npmjs.org/is-symbol/1.1.1,git://github.com/inspect-js/is-symbol.git,https://registry.npmjs.org/is-symbol/1.1.1,lock license equals versioned npm metadata,frontend/package-lock.json:node_modules/is-symbol,no
npm,is-typed-array,1.1.15,MIT,https://registry.npmjs.org/is-typed-array/1.1.15,git://github.com/inspect-js/is-typed-array.git,https://registry.npmjs.org/is-typed-array/1.1.15,lock license equals versioned npm metadata,frontend/package-lock.json:node_modules/is-typed-array,no
npm,is-weakmap,2.0.2,MIT,https://registry.npmjs.org/is-weakmap/2.0.2,git+https://github.com/inspect-js/is-weakmap.git,https://registry.npmjs.org/is-weakmap/2.0.2,lock license equals versioned npm metadata,frontend/package-lock.json:node_modules/is-weakmap,no
npm,is-weakref,1.1.1,MIT,https://registry.npmjs.org/is-weakref/1.1.1,git+https://github.com/inspect-js/is-weakref.git,https://registry.npmjs.org/is-weakref/1.1.1,lock license equals versioned npm metadata,frontend/package-lock.json:node_modules/is-weakref,no
npm,is-weakset,2.0.4,MIT,https://registry.npmjs.org/is-weakset/2.0.4,git+https://github.com/inspect-js/is-weakset.git,https://registry.npmjs.org/is-weakset/2.0.4,lock license equals versioned npm metadata,frontend/package-lock.json:node_modules/is-weakset,no
npm,isarray,2.0.5,MIT,https://registry.npmjs.org/isarray/2.0.5,git://github.com/juliangruber/isarray.git,https://registry.npmjs.org/isarray/2.0.5,lock license equals versioned npm metadata,frontend/package-lock.json:node_modules/isarray,no
npm,isexe,2.0.0,ISC,https://registry.npmjs.org/isexe/2.0.0,git+https://github.com/isaacs/isexe.git,https://registry.npmjs.org/isexe/2.0.0,lock license equals versioned npm metadata,frontend/package-lock.json:node_modules/isexe,no
npm,iterator.prototype,1.1.5,MIT,https://registry.npmjs.org/iterator.prototype/1.1.5,git+https://github.com/ljharb/Iterator.prototype.git,https://registry.npmjs.org/iterator.prototype/1.1.5,lock license equals versioned npm metadata,frontend/package-lock.json:node_modules/iterator.prototype,no
npm,jest-worker,27.5.1,MIT,https://registry.npmjs.org/jest-worker/27.5.1,git+https://github.com/facebook/jest.git,https://registry.npmjs.org/jest-worker/27.5.1,lock license equals versioned npm metadata,frontend/package-lock.json:node_modules/jest-worker,no
npm,jiti,2.7.0,MIT,https://registry.npmjs.org/jiti/2.7.0,git+https://github.com/unjs/jiti.git,https://registry.npmjs.org/jiti/2.7.0,lock license equals versioned npm metadata,frontend/package-lock.json:node_modules/jiti,no
npm,js-tokens,4.0.0,MIT,https://registry.npmjs.org/js-tokens/4.0.0,git+https://github.com/lydell/js-tokens.git,https://registry.npmjs.org/js-tokens/4.0.0,lock license equals versioned npm metadata,frontend/package-lock.json:node_modules/js-tokens,no
npm,js-tokens,9.0.1,MIT,https://registry.npmjs.org/js-tokens/9.0.1,git+https://github.com/lydell/js-tokens.git,https://registry.npmjs.org/js-tokens/9.0.1,lock license equals versioned npm metadata,frontend/package-lock.json:node_modules/strip-literal/node_modules/js-tokens,no
npm,js-yaml,4.1.1,MIT,https://registry.npmjs.org/js-yaml/4.1.1,git+https://github.com/nodeca/js-yaml.git,https://registry.npmjs.org/js-yaml/4.1.1,lock license equals versioned npm metadata,frontend/package-lock.json:node_modules/js-yaml,no
npm,jsesc,3.1.0,MIT,https://registry.npmjs.org/jsesc/3.1.0,git+https://github.com/mathiasbynens/jsesc.git,https://registry.npmjs.org/jsesc/3.1.0,lock license equals versioned npm metadata,frontend/package-lock.json:node_modules/jsesc,no
npm,json-buffer,3.0.1,MIT,https://registry.npmjs.org/json-buffer/3.0.1,git://github.com/dominictarr/json-buffer.git,https://registry.npmjs.org/json-buffer/3.0.1,lock license equals versioned npm metadata,frontend/package-lock.json:node_modules/json-buffer,no
npm,json-schema-traverse,0.4.1,MIT,https://registry.npmjs.org/json-schema-traverse/0.4.1,git+https://github.com/epoberezkin/json-schema-traverse.git,https://registry.npmjs.org/json-schema-traverse/0.4.1,lock license equals versioned npm metadata,frontend/package-lock.json:node_modules/json-schema-traverse,no
npm,json-schema-traverse,1.0.0,MIT,https://registry.npmjs.org/json-schema-traverse/1.0.0,git+https://github.com/epoberezkin/json-schema-traverse.git,https://registry.npmjs.org/json-schema-traverse/1.0.0,lock license equals versioned npm metadata,frontend/package-lock.json:node_modules/ajv-formats/node_modules/json-schema-traverse; frontend/package-lock.json:node_modules/schema-utils/node_modules/json-schema-traverse,no
npm,json-stable-stringify-without-jsonify,1.0.1,MIT,https://registry.npmjs.org/json-stable-stringify-without-jsonify/1.0.1,git://github.com/samn/json-stable-stringify.git,https://registry.npmjs.org/json-stable-stringify-without-jsonify/1.0.1,lock license equals versioned npm metadata,frontend/package-lock.json:node_modules/json-stable-stringify-without-jsonify,no
npm,json5,1.0.2,MIT,https://registry.npmjs.org/json5/1.0.2,git+https://github.com/json5/json5.git,https://registry.npmjs.org/json5/1.0.2,lock license equals versioned npm metadata,frontend/package-lock.json:node_modules/tsconfig-paths/node_modules/json5,no
npm,json5,2.2.3,MIT,https://registry.npmjs.org/json5/2.2.3,git+https://github.com/json5/json5.git,https://registry.npmjs.org/json5/2.2.3,lock license equals versioned npm metadata,frontend/package-lock.json:node_modules/json5,no
npm,jsx-ast-utils,3.3.5,MIT,https://registry.npmjs.org/jsx-ast-utils/3.3.5,git+https://github.com/jsx-eslint/jsx-ast-utils.git,https://registry.npmjs.org/jsx-ast-utils/3.3.5,lock license equals versioned npm metadata,frontend/package-lock.json:node_modules/jsx-ast-utils,no
npm,keyv,4.5.4,MIT,https://registry.npmjs.org/keyv/4.5.4,git+https://github.com/jaredwray/keyv.git,https://registry.npmjs.org/keyv/4.5.4,lock license equals versioned npm metadata,frontend/package-lock.json:node_modules/keyv,no
npm,kleur,4.1.5,MIT,https://registry.npmjs.org/kleur/4.1.5,git+https://github.com/lukeed/kleur.git,https://registry.npmjs.org/kleur/4.1.5,lock license equals versioned npm metadata,frontend/package-lock.json:node_modules/kleur,no
npm,language-subtag-registry,0.3.23,CC0-1.0,https://registry.npmjs.org/language-subtag-registry/0.3.23,git+https://github.com/mattcg/language-subtag-registry.git,https://registry.npmjs.org/language-subtag-registry/0.3.23,lock license equals versioned npm metadata,frontend/package-lock.json:node_modules/language-subtag-registry,no
npm,language-tags,1.0.9,MIT,https://registry.npmjs.org/language-tags/1.0.9,git://github.com/mattcg/language-tags.git,https://registry.npmjs.org/language-tags/1.0.9,lock license equals versioned npm metadata,frontend/package-lock.json:node_modules/language-tags,no
npm,levn,0.4.1,MIT,https://registry.npmjs.org/levn/0.4.1,git://github.com/gkz/levn.git,https://registry.npmjs.org/levn/0.4.1,lock license equals versioned npm metadata,frontend/package-lock.json:node_modules/levn,no
npm,lightningcss,1.31.1,MPL-2.0,https://registry.npmjs.org/lightningcss/1.31.1,git+https://github.com/parcel-bundler/lightningcss.git,https://registry.npmjs.org/lightningcss/1.31.1,lock license equals versioned npm metadata,frontend/package-lock.json:node_modules/lightningcss,no
npm,lightningcss,1.32.0,MPL-2.0,https://registry.npmjs.org/lightningcss/1.32.0,git+https://github.com/parcel-bundler/lightningcss.git,https://registry.npmjs.org/lightningcss/1.32.0,lock license equals versioned npm metadata,frontend/package-lock.json:node_modules/vite/node_modules/lightningcss,no
npm,lightningcss-android-arm64,1.31.1,MPL-2.0,https://registry.npmjs.org/lightningcss-android-arm64/1.31.1,git+https://github.com/parcel-bundler/lightningcss.git,https://registry.npmjs.org/lightningcss-android-arm64/1.31.1,lock license equals versioned npm metadata,frontend/package-lock.json:node_modules/lightningcss-android-arm64,no
npm,lightningcss-android-arm64,1.32.0,MPL-2.0,https://registry.npmjs.org/lightningcss-android-arm64/1.32.0,git+https://github.com/parcel-bundler/lightningcss.git,https://registry.npmjs.org/lightningcss-android-arm64/1.32.0,lock license equals versioned npm metadata,frontend/package-lock.json:node_modules/vite/node_modules/lightningcss-android-arm64,no
npm,lightningcss-darwin-arm64,1.31.1,MPL-2.0,https://registry.npmjs.org/lightningcss-darwin-arm64/1.31.1,git+https://github.com/parcel-bundler/lightningcss.git,https://registry.npmjs.org/lightningcss-darwin-arm64/1.31.1,lock license equals versioned npm metadata,frontend/package-lock.json:node_modules/lightningcss-darwin-arm64,no
npm,lightningcss-darwin-arm64,1.32.0,MPL-2.0,https://registry.npmjs.org/lightningcss-darwin-arm64/1.32.0,git+https://github.com/parcel-bundler/lightningcss.git,https://registry.npmjs.org/lightningcss-darwin-arm64/1.32.0,lock license equals versioned npm metadata,frontend/package-lock.json:node_modules/vite/node_modules/lightningcss-darwin-arm64,no
npm,lightningcss-darwin-x64,1.31.1,MPL-2.0,https://registry.npmjs.org/lightningcss-darwin-x64/1.31.1,git+https://github.com/parcel-bundler/lightningcss.git,https://registry.npmjs.org/lightningcss-darwin-x64/1.31.1,lock license equals versioned npm metadata,frontend/package-lock.json:node_modules/lightningcss-darwin-x64,no
npm,lightningcss-darwin-x64,1.32.0,MPL-2.0,https://registry.npmjs.org/lightningcss-darwin-x64/1.32.0,git+https://github.com/parcel-bundler/lightningcss.git,https://registry.npmjs.org/lightningcss-darwin-x64/1.32.0,lock license equals versioned npm metadata,frontend/package-lock.json:node_modules/vite/node_modules/lightningcss-darwin-x64,no
npm,lightningcss-freebsd-x64,1.31.1,MPL-2.0,https://registry.npmjs.org/lightningcss-freebsd-x64/1.31.1,git+https://github.com/parcel-bundler/lightningcss.git,https://registry.npmjs.org/lightningcss-freebsd-x64/1.31.1,lock license equals versioned npm metadata,frontend/package-lock.json:node_modules/lightningcss-freebsd-x64,no
npm,lightningcss-freebsd-x64,1.32.0,MPL-2.0,https://registry.npmjs.org/lightningcss-freebsd-x64/1.32.0,git+https://github.com/parcel-bundler/lightningcss.git,https://registry.npmjs.org/lightningcss-freebsd-x64/1.32.0,lock license equals versioned npm metadata,frontend/package-lock.json:node_modules/vite/node_modules/lightningcss-freebsd-x64,no
npm,lightningcss-linux-arm-gnueabihf,1.31.1,MPL-2.0,https://registry.npmjs.org/lightningcss-linux-arm-gnueabihf/1.31.1,git+https://github.com/parcel-bundler/lightningcss.git,https://registry.npmjs.org/lightningcss-linux-arm-gnueabihf/1.31.1,lock license equals versioned npm metadata,frontend/package-lock.json:node_modules/lightningcss-linux-arm-gnueabihf,no
npm,lightningcss-linux-arm-gnueabihf,1.32.0,MPL-2.0,https://registry.npmjs.org/lightningcss-linux-arm-gnueabihf/1.32.0,git+https://github.com/parcel-bundler/lightningcss.git,https://registry.npmjs.org/lightningcss-linux-arm-gnueabihf/1.32.0,lock license equals versioned npm metadata,frontend/package-lock.json:node_modules/vite/node_modules/lightningcss-linux-arm-gnueabihf,no
npm,lightningcss-linux-arm64-gnu,1.31.1,MPL-2.0,https://registry.npmjs.org/lightningcss-linux-arm64-gnu/1.31.1,git+https://github.com/parcel-bundler/lightningcss.git,https://registry.npmjs.org/lightningcss-linux-arm64-gnu/1.31.1,lock license equals versioned npm metadata,frontend/package-lock.json:node_modules/lightningcss-linux-arm64-gnu,no
npm,lightningcss-linux-arm64-gnu,1.32.0,MPL-2.0,https://registry.npmjs.org/lightningcss-linux-arm64-gnu/1.32.0,git+https://github.com/parcel-bundler/lightningcss.git,https://registry.npmjs.org/lightningcss-linux-arm64-gnu/1.32.0,lock license equals versioned npm metadata,frontend/package-lock.json:node_modules/vite/node_modules/lightningcss-linux-arm64-gnu,no
npm,lightningcss-linux-arm64-musl,1.31.1,MPL-2.0,https://registry.npmjs.org/lightningcss-linux-arm64-musl/1.31.1,git+https://github.com/parcel-bundler/lightningcss.git,https://registry.npmjs.org/lightningcss-linux-arm64-musl/1.31.1,lock license equals versioned npm metadata,frontend/package-lock.json:node_modules/lightningcss-linux-arm64-musl,no
npm,lightningcss-linux-arm64-musl,1.32.0,MPL-2.0,https://registry.npmjs.org/lightningcss-linux-arm64-musl/1.32.0,git+https://github.com/parcel-bundler/lightningcss.git,https://registry.npmjs.org/lightningcss-linux-arm64-musl/1.32.0,lock license equals versioned npm metadata,frontend/package-lock.json:node_modules/vite/node_modules/lightningcss-linux-arm64-musl,no
npm,lightningcss-linux-x64-gnu,1.31.1,MPL-2.0,https://registry.npmjs.org/lightningcss-linux-x64-gnu/1.31.1,git+https://github.com/parcel-bundler/lightningcss.git,https://registry.npmjs.org/lightningcss-linux-x64-gnu/1.31.1,lock license equals versioned npm metadata,frontend/package-lock.json:node_modules/lightningcss-linux-x64-gnu,no
npm,lightningcss-linux-x64-gnu,1.32.0,MPL-2.0,https://registry.npmjs.org/lightningcss-linux-x64-gnu/1.32.0,git+https://github.com/parcel-bundler/lightningcss.git,https://registry.npmjs.org/lightningcss-linux-x64-gnu/1.32.0,lock license equals versioned npm metadata,frontend/package-lock.json:node_modules/vite/node_modules/lightningcss-linux-x64-gnu,no
npm,lightningcss-linux-x64-musl,1.31.1,MPL-2.0,https://registry.npmjs.org/lightningcss-linux-x64-musl/1.31.1,git+https://github.com/parcel-bundler/lightningcss.git,https://registry.npmjs.org/lightningcss-linux-x64-musl/1.31.1,lock license equals versioned npm metadata,frontend/package-lock.json:node_modules/lightningcss-linux-x64-musl,no
npm,lightningcss-linux-x64-musl,1.32.0,MPL-2.0,https://registry.npmjs.org/lightningcss-linux-x64-musl/1.32.0,git+https://github.com/parcel-bundler/lightningcss.git,https://registry.npmjs.org/lightningcss-linux-x64-musl/1.32.0,lock license equals versioned npm metadata,frontend/package-lock.json:node_modules/vite/node_modules/lightningcss-linux-x64-musl,no
npm,lightningcss-win32-arm64-msvc,1.31.1,MPL-2.0,https://registry.npmjs.org/lightningcss-win32-arm64-msvc/1.31.1,git+https://github.com/parcel-bundler/lightningcss.git,https://registry.npmjs.org/lightningcss-win32-arm64-msvc/1.31.1,lock license equals versioned npm metadata,frontend/package-lock.json:node_modules/lightningcss-win32-arm64-msvc,no
npm,lightningcss-win32-arm64-msvc,1.32.0,MPL-2.0,https://registry.npmjs.org/lightningcss-win32-arm64-msvc/1.32.0,git+https://github.com/parcel-bundler/lightningcss.git,https://registry.npmjs.org/lightningcss-win32-arm64-msvc/1.32.0,lock license equals versioned npm metadata,frontend/package-lock.json:node_modules/vite/node_modules/lightningcss-win32-arm64-msvc,no
npm,lightningcss-win32-x64-msvc,1.31.1,MPL-2.0,https://registry.npmjs.org/lightningcss-win32-x64-msvc/1.31.1,git+https://github.com/parcel-bundler/lightningcss.git,https://registry.npmjs.org/lightningcss-win32-x64-msvc/1.31.1,lock license equals versioned npm metadata,frontend/package-lock.json:node_modules/lightningcss-win32-x64-msvc,no
npm,lightningcss-win32-x64-msvc,1.32.0,MPL-2.0,https://registry.npmjs.org/lightningcss-win32-x64-msvc/1.32.0,git+https://github.com/parcel-bundler/lightningcss.git,https://registry.npmjs.org/lightningcss-win32-x64-msvc/1.32.0,lock license equals versioned npm metadata,frontend/package-lock.json:node_modules/vite/node_modules/lightningcss-win32-x64-msvc,no
npm,linebreak,1.1.0,MIT,https://registry.npmjs.org/linebreak/1.1.0,git+https://github.com/devongovett/linebreaker.git,https://registry.npmjs.org/linebreak/1.1.0,lock license equals versioned npm metadata,frontend/package-lock.json:node_modules/linebreak,no
npm,loader-runner,4.3.2,MIT,https://registry.npmjs.org/loader-runner/4.3.2,git+https://github.com/webpack/loader-runner.git,https://registry.npmjs.org/loader-runner/4.3.2,lock license equals versioned npm metadata,frontend/package-lock.json:node_modules/loader-runner,no
npm,locate-path,6.0.0,MIT,https://registry.npmjs.org/locate-path/6.0.0,git+https://github.com/sindresorhus/locate-path.git,https://registry.npmjs.org/locate-path/6.0.0,lock license equals versioned npm metadata,frontend/package-lock.json:node_modules/locate-path,no
npm,lodash.merge,4.6.2,MIT,https://registry.npmjs.org/lodash.merge/4.6.2,git+https://github.com/lodash/lodash.git,https://registry.npmjs.org/lodash.merge/4.6.2,lock license equals versioned npm metadata,frontend/package-lock.json:node_modules/lodash.merge,no
npm,loose-envify,1.4.0,MIT,https://registry.npmjs.org/loose-envify/1.4.0,git://github.com/zertosh/loose-envify.git,https://registry.npmjs.org/loose-envify/1.4.0,lock license equals versioned npm metadata,frontend/package-lock.json:node_modules/loose-envify,no
npm,lru-cache,5.1.1,ISC,https://registry.npmjs.org/lru-cache/5.1.1,git://github.com/isaacs/node-lru-cache.git,https://registry.npmjs.org/lru-cache/5.1.1,lock license equals versioned npm metadata,frontend/package-lock.json:node_modules/lru-cache,no
npm,magic-string,0.30.21,MIT,https://registry.npmjs.org/magic-string/0.30.21,git+https://github.com/Rich-Harris/magic-string.git,https://registry.npmjs.org/magic-string/0.30.21,lock license equals versioned npm metadata,frontend/package-lock.json:node_modules/magic-string,no
npm,math-intrinsics,1.1.0,MIT,https://registry.npmjs.org/math-intrinsics/1.1.0,git+https://github.com/es-shims/math-intrinsics.git,https://registry.npmjs.org/math-intrinsics/1.1.0,lock license equals versioned npm metadata,frontend/package-lock.json:node_modules/math-intrinsics,no
npm,merge-stream,2.0.0,MIT,https://registry.npmjs.org/merge-stream/2.0.0,git+https://github.com/grncdr/merge-stream.git,https://registry.npmjs.org/merge-stream/2.0.0,lock license equals versioned npm metadata,frontend/package-lock.json:node_modules/merge-stream,no
npm,merge2,1.4.1,MIT,https://registry.npmjs.org/merge2/1.4.1,git+ssh://git@github.com/teambition/merge2.git,https://registry.npmjs.org/merge2/1.4.1,lock license equals versioned npm metadata,frontend/package-lock.json:node_modules/merge2,no
npm,micromatch,4.0.8,MIT,https://registry.npmjs.org/micromatch/4.0.8,git+https://github.com/micromatch/micromatch.git,https://registry.npmjs.org/micromatch/4.0.8,lock license equals versioned npm metadata,frontend/package-lock.json:node_modules/micromatch,no
npm,mime-db,1.54.0,MIT,https://registry.npmjs.org/mime-db/1.54.0,git+https://github.com/jshttp/mime-db.git,https://registry.npmjs.org/mime-db/1.54.0,lock license equals versioned npm metadata,frontend/package-lock.json:node_modules/mime-db,no
npm,miniflare,4.20260515.0,MIT,https://registry.npmjs.org/miniflare/4.20260515.0,git+https://github.com/cloudflare/workers-sdk.git,https://registry.npmjs.org/miniflare/4.20260515.0,lock license equals versioned npm metadata,frontend/package-lock.json:node_modules/miniflare,no
npm,minimatch,10.2.5,BlueOak-1.0.0,https://registry.npmjs.org/minimatch/10.2.5,git+ssh://git@github.com/isaacs/minimatch.git,https://registry.npmjs.org/minimatch/10.2.5,lock license equals versioned npm metadata,frontend/package-lock.json:node_modules/@typescript-eslint/typescript-estree/node_modules/minimatch,no
npm,minimatch,3.1.5,ISC,https://registry.npmjs.org/minimatch/3.1.5,git://github.com/isaacs/minimatch.git,https://registry.npmjs.org/minimatch/3.1.5,lock license equals versioned npm metadata,frontend/package-lock.json:node_modules/minimatch,no
npm,minimist,1.2.8,MIT,https://registry.npmjs.org/minimist/1.2.8,git://github.com/minimistjs/minimist.git,https://registry.npmjs.org/minimist/1.2.8,lock license equals versioned npm metadata,frontend/package-lock.json:node_modules/minimist,no
npm,ms,2.1.3,MIT,https://registry.npmjs.org/ms/2.1.3,git+https://github.com/vercel/ms.git,https://registry.npmjs.org/ms/2.1.3,lock license equals versioned npm metadata,frontend/package-lock.json:node_modules/ms,no
npm,nanoid,3.3.12,MIT,https://registry.npmjs.org/nanoid/3.3.12,git+https://github.com/ai/nanoid.git,https://registry.npmjs.org/nanoid/3.3.12,lock license equals versioned npm metadata,frontend/package-lock.json:node_modules/nanoid,no
npm,napi-postinstall,0.3.4,MIT,https://registry.npmjs.org/napi-postinstall/0.3.4,git+https://github.com/un-ts/napi-postinstall.git,https://registry.npmjs.org/napi-postinstall/0.3.4,lock license equals versioned npm metadata,frontend/package-lock.json:node_modules/napi-postinstall,no
npm,natural-compare,1.4.0,MIT,https://registry.npmjs.org/natural-compare/1.4.0,git://github.com/litejs/natural-compare-lite.git,https://registry.npmjs.org/natural-compare/1.4.0,lock license equals versioned npm metadata,frontend/package-lock.json:node_modules/natural-compare,no
npm,neo-async,2.6.2,MIT,https://registry.npmjs.org/neo-async/2.6.2,git+ssh://git@github.com/suguru03/neo-async.git,https://registry.npmjs.org/neo-async/2.6.2,lock license equals versioned npm metadata,frontend/package-lock.json:node_modules/neo-async,no
npm,next,16.2.6,MIT,https://registry.npmjs.org/next/16.2.6,git+https://github.com/vercel/next.js.git,https://registry.npmjs.org/next/16.2.6,lock license equals versioned npm metadata,frontend/package-lock.json:node_modules/next,no
npm,node-exports-info,1.6.0,MIT,https://registry.npmjs.org/node-exports-info/1.6.0,git+https://github.com/inspect-js/node-exports-info.git,https://registry.npmjs.org/node-exports-info/1.6.0,lock license equals versioned npm metadata,frontend/package-lock.json:node_modules/node-exports-info,no
npm,node-releases,2.0.44,MIT,https://registry.npmjs.org/node-releases/2.0.44,git+https://github.com/chicoxyzzy/node-releases.git,https://registry.npmjs.org/node-releases/2.0.44,lock license equals versioned npm metadata,frontend/package-lock.json:node_modules/node-releases,no
npm,object-assign,4.1.1,MIT,https://registry.npmjs.org/object-assign/4.1.1,git+https://github.com/sindresorhus/object-assign.git,https://registry.npmjs.org/object-assign/4.1.1,lock license equals versioned npm metadata,frontend/package-lock.json:node_modules/object-assign,no
npm,object-inspect,1.13.4,MIT,https://registry.npmjs.org/object-inspect/1.13.4,git://github.com/inspect-js/object-inspect.git,https://registry.npmjs.org/object-inspect/1.13.4,lock license equals versioned npm metadata,frontend/package-lock.json:node_modules/object-inspect,no
npm,object-keys,1.1.1,MIT,https://registry.npmjs.org/object-keys/1.1.1,git://github.com/ljharb/object-keys.git,https://registry.npmjs.org/object-keys/1.1.1,lock license equals versioned npm metadata,frontend/package-lock.json:node_modules/object-keys,no
npm,object.assign,4.1.7,MIT,https://registry.npmjs.org/object.assign/4.1.7,git://github.com/ljharb/object.assign.git,https://registry.npmjs.org/object.assign/4.1.7,lock license equals versioned npm metadata,frontend/package-lock.json:node_modules/object.assign,no
npm,object.entries,1.1.9,MIT,https://registry.npmjs.org/object.entries/1.1.9,git://github.com/es-shims/Object.entries.git,https://registry.npmjs.org/object.entries/1.1.9,lock license equals versioned npm metadata,frontend/package-lock.json:node_modules/object.entries,no
npm,object.fromentries,2.0.8,MIT,https://registry.npmjs.org/object.fromentries/2.0.8,git://github.com/es-shims/Object.fromEntries.git,https://registry.npmjs.org/object.fromentries/2.0.8,lock license equals versioned npm metadata,frontend/package-lock.json:node_modules/object.fromentries,no
npm,object.groupby,1.0.3,MIT,https://registry.npmjs.org/object.groupby/1.0.3,git+https://github.com/es-shims/Object.groupBy.git,https://registry.npmjs.org/object.groupby/1.0.3,lock license equals versioned npm metadata,frontend/package-lock.json:node_modules/object.groupby,no
npm,object.values,1.2.1,MIT,https://registry.npmjs.org/object.values/1.2.1,git://github.com/es-shims/Object.values.git,https://registry.npmjs.org/object.values/1.2.1,lock license equals versioned npm metadata,frontend/package-lock.json:node_modules/object.values,no
npm,optionator,0.9.4,MIT,https://registry.npmjs.org/optionator/0.9.4,git://github.com/gkz/optionator.git,https://registry.npmjs.org/optionator/0.9.4,lock license equals versioned npm metadata,frontend/package-lock.json:node_modules/optionator,no
npm,own-keys,1.0.1,MIT,https://registry.npmjs.org/own-keys/1.0.1,git+https://github.com/ljharb/own-keys.git,https://registry.npmjs.org/own-keys/1.0.1,lock license equals versioned npm metadata,frontend/package-lock.json:node_modules/own-keys,no
npm,p-limit,3.1.0,MIT,https://registry.npmjs.org/p-limit/3.1.0,git+https://github.com/sindresorhus/p-limit.git,https://registry.npmjs.org/p-limit/3.1.0,lock license equals versioned npm metadata,frontend/package-lock.json:node_modules/p-limit,no
npm,p-locate,5.0.0,MIT,https://registry.npmjs.org/p-locate/5.0.0,git+https://github.com/sindresorhus/p-locate.git,https://registry.npmjs.org/p-locate/5.0.0,lock license equals versioned npm metadata,frontend/package-lock.json:node_modules/p-locate,no
npm,pako,0.2.9,MIT,https://registry.npmjs.org/pako/0.2.9,git+https://github.com/nodeca/pako.git,https://registry.npmjs.org/pako/0.2.9,lock license equals versioned npm metadata,frontend/package-lock.json:node_modules/pako,no
npm,parent-module,1.0.1,MIT,https://registry.npmjs.org/parent-module/1.0.1,git+https://github.com/sindresorhus/parent-module.git,https://registry.npmjs.org/parent-module/1.0.1,lock license equals versioned npm metadata,frontend/package-lock.json:node_modules/parent-module,no
npm,parse-css-color,0.2.1,MIT,https://registry.npmjs.org/parse-css-color/0.2.1,git+https://github.com/noeldelgado/parse-css-color.git,https://registry.npmjs.org/parse-css-color/0.2.1,lock license equals versioned npm metadata,frontend/package-lock.json:node_modules/parse-css-color,no
npm,path-exists,4.0.0,MIT,https://registry.npmjs.org/path-exists/4.0.0,git+https://github.com/sindresorhus/path-exists.git,https://registry.npmjs.org/path-exists/4.0.0,lock license equals versioned npm metadata,frontend/package-lock.json:node_modules/path-exists,no
npm,path-key,3.1.1,MIT,https://registry.npmjs.org/path-key/3.1.1,git+https://github.com/sindresorhus/path-key.git,https://registry.npmjs.org/path-key/3.1.1,lock license equals versioned npm metadata,frontend/package-lock.json:node_modules/path-key,no
npm,path-parse,1.0.7,MIT,https://registry.npmjs.org/path-parse/1.0.7,git+https://github.com/jbgutierrez/path-parse.git,https://registry.npmjs.org/path-parse/1.0.7,lock license equals versioned npm metadata,frontend/package-lock.json:node_modules/path-parse,no
npm,path-to-regexp,6.3.0,MIT,https://registry.npmjs.org/path-to-regexp/6.3.0,git+https://github.com/pillarjs/path-to-regexp.git,https://registry.npmjs.org/path-to-regexp/6.3.0,lock license equals versioned npm metadata,frontend/package-lock.json:node_modules/path-to-regexp,no
npm,pathe,2.0.3,MIT,https://registry.npmjs.org/pathe/2.0.3,git+https://github.com/unjs/pathe.git,https://registry.npmjs.org/pathe/2.0.3,lock license equals versioned npm metadata,frontend/package-lock.json:node_modules/pathe,no
npm,pdfjs-dist,6.2.108,Apache-2.0,https://registry.npmjs.org/pdfjs-dist/6.2.108,git+https://github.com/mozilla/pdf.js.git,https://registry.npmjs.org/pdfjs-dist/6.2.108,lock license equals versioned npm metadata,frontend/package-lock.json:node_modules/pdfjs-dist,no
npm,picocolors,1.1.1,ISC,https://registry.npmjs.org/picocolors/1.1.1,git+https://github.com/alexeyraspopov/picocolors.git,https://registry.npmjs.org/picocolors/1.1.1,lock license equals versioned npm metadata,frontend/package-lock.json:node_modules/picocolors,no
npm,picomatch,2.3.2,MIT,https://registry.npmjs.org/picomatch/2.3.2,git+https://github.com/micromatch/picomatch.git,https://registry.npmjs.org/picomatch/2.3.2,lock license equals versioned npm metadata,frontend/package-lock.json:node_modules/picomatch,no
npm,picomatch,4.0.4,MIT,https://registry.npmjs.org/picomatch/4.0.4,git+https://github.com/micromatch/picomatch.git,https://registry.npmjs.org/picomatch/4.0.4,lock license equals versioned npm metadata,frontend/package-lock.json:node_modules/tinyglobby/node_modules/picomatch; frontend/package-lock.json:node_modules/vite/node_modules/picomatch,no
npm,possible-typed-array-names,1.1.0,MIT,https://registry.npmjs.org/possible-typed-array-names/1.1.0,git+https://github.com/ljharb/possible-typed-array-names.git,https://registry.npmjs.org/possible-typed-array-names/1.1.0,lock license equals versioned npm metadata,frontend/package-lock.json:node_modules/possible-typed-array-names,no
npm,postcss,8.4.31,MIT,https://registry.npmjs.org/postcss/8.4.31,git+https://github.com/postcss/postcss.git,https://registry.npmjs.org/postcss/8.4.31,lock license equals versioned npm metadata,frontend/package-lock.json:node_modules/next/node_modules/postcss,no
npm,postcss,8.5.14,MIT,https://registry.npmjs.org/postcss/8.5.14,git+https://github.com/postcss/postcss.git,https://registry.npmjs.org/postcss/8.5.14,lock license equals versioned npm metadata,frontend/package-lock.json:node_modules/postcss,no
npm,postcss-value-parser,4.2.0,MIT,https://registry.npmjs.org/postcss-value-parser/4.2.0,git+https://github.com/TrySound/postcss-value-parser.git,https://registry.npmjs.org/postcss-value-parser/4.2.0,lock license equals versioned npm metadata,frontend/package-lock.json:node_modules/postcss-value-parser,no
npm,prelude-ls,1.2.1,MIT,https://registry.npmjs.org/prelude-ls/1.2.1,git://github.com/gkz/prelude-ls.git,https://registry.npmjs.org/prelude-ls/1.2.1,lock license equals versioned npm metadata,frontend/package-lock.json:node_modules/prelude-ls,no
npm,prop-types,15.8.1,MIT,https://registry.npmjs.org/prop-types/15.8.1,git+https://github.com/facebook/prop-types.git,https://registry.npmjs.org/prop-types/15.8.1,lock license equals versioned npm metadata,frontend/package-lock.json:node_modules/prop-types,no
npm,punycode,2.3.1,MIT,https://registry.npmjs.org/punycode/2.3.1,git+https://github.com/mathiasbynens/punycode.js.git,https://registry.npmjs.org/punycode/2.3.1,lock license equals versioned npm metadata,frontend/package-lock.json:node_modules/punycode,no
npm,queue-microtask,1.2.3,MIT,https://registry.npmjs.org/queue-microtask/1.2.3,git://github.com/feross/queue-microtask.git,https://registry.npmjs.org/queue-microtask/1.2.3,lock license equals versioned npm metadata,frontend/package-lock.json:node_modules/queue-microtask,no
npm,react,19.2.6,MIT,https://registry.npmjs.org/react/19.2.6,git+https://github.com/facebook/react.git,https://registry.npmjs.org/react/19.2.6,lock license equals versioned npm metadata,frontend/package-lock.json:node_modules/react,no
npm,react-dom,19.2.6,MIT,https://registry.npmjs.org/react-dom/19.2.6,git+https://github.com/facebook/react.git,https://registry.npmjs.org/react-dom/19.2.6,lock license equals versioned npm metadata,frontend/package-lock.json:node_modules/react-dom,no
npm,react-is,16.13.1,MIT,https://registry.npmjs.org/react-is/16.13.1,git+https://github.com/facebook/react.git,https://registry.npmjs.org/react-is/16.13.1,lock license equals versioned npm metadata,frontend/package-lock.json:node_modules/react-is,no
npm,react-server-dom-webpack,19.2.6,MIT,https://registry.npmjs.org/react-server-dom-webpack/19.2.6,git+https://github.com/facebook/react.git,https://registry.npmjs.org/react-server-dom-webpack/19.2.6,lock license equals versioned npm metadata,frontend/package-lock.json:node_modules/react-server-dom-webpack,no
npm,reflect.getprototypeof,1.0.10,MIT,https://registry.npmjs.org/reflect.getprototypeof/1.0.10,git+https://github.com/es-shims/Reflect.getPrototypeOf.git,https://registry.npmjs.org/reflect.getprototypeof/1.0.10,lock license equals versioned npm metadata,frontend/package-lock.json:node_modules/reflect.getprototypeof,no
npm,regexp.prototype.flags,1.5.4,MIT,https://registry.npmjs.org/regexp.prototype.flags/1.5.4,git://github.com/es-shims/RegExp.prototype.flags.git,https://registry.npmjs.org/regexp.prototype.flags/1.5.4,lock license equals versioned npm metadata,frontend/package-lock.json:node_modules/regexp.prototype.flags,no
npm,require-from-string,2.0.2,MIT,https://registry.npmjs.org/require-from-string/2.0.2,git+https://github.com/floatdrop/require-from-string.git,https://registry.npmjs.org/require-from-string/2.0.2,lock license equals versioned npm metadata,frontend/package-lock.json:node_modules/require-from-string,no
npm,resolve,2.0.0-next.7,MIT,https://registry.npmjs.org/resolve/2.0.0-next.7,git+ssh://git@github.com/browserify/resolve.git,https://registry.npmjs.org/resolve/2.0.0-next.7,lock license equals versioned npm metadata,frontend/package-lock.json:node_modules/resolve,no
npm,resolve-from,4.0.0,MIT,https://registry.npmjs.org/resolve-from/4.0.0,git+https://github.com/sindresorhus/resolve-from.git,https://registry.npmjs.org/resolve-from/4.0.0,lock license equals versioned npm metadata,frontend/package-lock.json:node_modules/resolve-from,no
npm,resolve-pkg-maps,1.0.0,MIT,https://registry.npmjs.org/resolve-pkg-maps/1.0.0,git+https://github.com/privatenumber/resolve-pkg-maps.git,https://registry.npmjs.org/resolve-pkg-maps/1.0.0,lock license equals versioned npm metadata,frontend/package-lock.json:node_modules/resolve-pkg-maps,no
npm,reusify,1.1.0,MIT,https://registry.npmjs.org/reusify/1.1.0,git+https://github.com/mcollina/reusify.git,https://registry.npmjs.org/reusify/1.1.0,lock license equals versioned npm metadata,frontend/package-lock.json:node_modules/reusify,no
npm,rolldown,1.0.1,MIT,https://registry.npmjs.org/rolldown/1.0.1,git+https://github.com/rolldown/rolldown.git,https://registry.npmjs.org/rolldown/1.0.1,lock license equals versioned npm metadata,frontend/package-lock.json:node_modules/rolldown,no
npm,run-parallel,1.2.0,MIT,https://registry.npmjs.org/run-parallel/1.2.0,git://github.com/feross/run-parallel.git,https://registry.npmjs.org/run-parallel/1.2.0,lock license equals versioned npm metadata,frontend/package-lock.json:node_modules/run-parallel,no
npm,safe-array-concat,1.1.4,MIT,https://registry.npmjs.org/safe-array-concat/1.1.4,git+https://github.com/ljharb/safe-array-concat.git,https://registry.npmjs.org/safe-array-concat/1.1.4,lock license equals versioned npm metadata,frontend/package-lock.json:node_modules/safe-array-concat,no
npm,safe-push-apply,1.0.0,MIT,https://registry.npmjs.org/safe-push-apply/1.0.0,git+https://github.com/ljharb/safe-push-apply.git,https://registry.npmjs.org/safe-push-apply/1.0.0,lock license equals versioned npm metadata,frontend/package-lock.json:node_modules/safe-push-apply,no
npm,safe-regex-test,1.1.0,MIT,https://registry.npmjs.org/safe-regex-test/1.1.0,git+https://github.com/ljharb/safe-regex-test.git,https://registry.npmjs.org/safe-regex-test/1.1.0,lock license equals versioned npm metadata,frontend/package-lock.json:node_modules/safe-regex-test,no
npm,satori,0.16.0,MPL-2.0,https://registry.npmjs.org/satori/0.16.0,git+https://github.com/vercel/satori.git,https://registry.npmjs.org/satori/0.16.0,lock license equals versioned npm metadata,frontend/package-lock.json:node_modules/satori,no
npm,scheduler,0.27.0,MIT,https://registry.npmjs.org/scheduler/0.27.0,git+https://github.com/facebook/react.git,https://registry.npmjs.org/scheduler/0.27.0,lock license equals versioned npm metadata,frontend/package-lock.json:node_modules/scheduler,no
npm,schema-utils,4.3.3,MIT,https://registry.npmjs.org/schema-utils/4.3.3,git+https://github.com/webpack/schema-utils.git,https://registry.npmjs.org/schema-utils/4.3.3,lock license equals versioned npm metadata,frontend/package-lock.json:node_modules/schema-utils,no
npm,semver,6.3.1,ISC,https://registry.npmjs.org/semver/6.3.1,git+https://github.com/npm/node-semver.git,https://registry.npmjs.org/semver/6.3.1,lock license equals versioned npm metadata,frontend/package-lock.json:node_modules/semver,no
npm,semver,7.8.0,ISC,https://registry.npmjs.org/semver/7.8.0,git+https://github.com/npm/node-semver.git,https://registry.npmjs.org/semver/7.8.0,lock license equals versioned npm metadata,frontend/package-lock.json:node_modules/@typescript-eslint/typescript-estree/node_modules/semver; frontend/package-lock.json:node_modules/is-bun-module/node_modules/semver; frontend/package-lock.json:node_modules/sharp/node_modules/semver,no
npm,set-function-length,1.2.2,MIT,https://registry.npmjs.org/set-function-length/1.2.2,git+https://github.com/ljharb/set-function-length.git,https://registry.npmjs.org/set-function-length/1.2.2,lock license equals versioned npm metadata,frontend/package-lock.json:node_modules/set-function-length,no
npm,set-function-name,2.0.2,MIT,https://registry.npmjs.org/set-function-name/2.0.2,git+https://github.com/ljharb/set-function-name.git,https://registry.npmjs.org/set-function-name/2.0.2,lock license equals versioned npm metadata,frontend/package-lock.json:node_modules/set-function-name,no
npm,set-proto,1.0.0,MIT,https://registry.npmjs.org/set-proto/1.0.0,git+https://github.com/ljharb/set-proto.git,https://registry.npmjs.org/set-proto/1.0.0,lock license equals versioned npm metadata,frontend/package-lock.json:node_modules/set-proto,no
npm,sharp,0.34.5,Apache-2.0,https://registry.npmjs.org/sharp/0.34.5,git://github.com/lovell/sharp.git,https://registry.npmjs.org/sharp/0.34.5,lock license equals versioned npm metadata,frontend/package-lock.json:node_modules/sharp,no
npm,shebang-command,2.0.0,MIT,https://registry.npmjs.org/shebang-command/2.0.0,git+https://github.com/kevva/shebang-command.git,https://registry.npmjs.org/shebang-command/2.0.0,lock license equals versioned npm metadata,frontend/package-lock.json:node_modules/shebang-command,no
npm,shebang-regex,3.0.0,MIT,https://registry.npmjs.org/shebang-regex/3.0.0,git+https://github.com/sindresorhus/shebang-regex.git,https://registry.npmjs.org/shebang-regex/3.0.0,lock license equals versioned npm metadata,frontend/package-lock.json:node_modules/shebang-regex,no
npm,side-channel,1.1.0,MIT,https://registry.npmjs.org/side-channel/1.1.0,git+https://github.com/ljharb/side-channel.git,https://registry.npmjs.org/side-channel/1.1.0,lock license equals versioned npm metadata,frontend/package-lock.json:node_modules/side-channel,no
npm,side-channel-list,1.0.1,MIT,https://registry.npmjs.org/side-channel-list/1.0.1,git+https://github.com/ljharb/side-channel-list.git,https://registry.npmjs.org/side-channel-list/1.0.1,lock license equals versioned npm metadata,frontend/package-lock.json:node_modules/side-channel-list,no
npm,side-channel-map,1.0.1,MIT,https://registry.npmjs.org/side-channel-map/1.0.1,git+https://github.com/ljharb/side-channel-map.git,https://registry.npmjs.org/side-channel-map/1.0.1,lock license equals versioned npm metadata,frontend/package-lock.json:node_modules/side-channel-map,no
npm,side-channel-weakmap,1.0.2,MIT,https://registry.npmjs.org/side-channel-weakmap/1.0.2,git+https://github.com/ljharb/side-channel-weakmap.git,https://registry.npmjs.org/side-channel-weakmap/1.0.2,lock license equals versioned npm metadata,frontend/package-lock.json:node_modules/side-channel-weakmap,no
npm,source-map,0.6.1,BSD-3-Clause,https://registry.npmjs.org/source-map/0.6.1,git+ssh://git@github.com/mozilla/source-map.git,https://registry.npmjs.org/source-map/0.6.1,lock license equals versioned npm metadata,frontend/package-lock.json:node_modules/source-map,no
npm,source-map-js,1.2.1,BSD-3-Clause,https://registry.npmjs.org/source-map-js/1.2.1,git+https://github.com/7rulnik/source-map-js.git,https://registry.npmjs.org/source-map-js/1.2.1,lock license equals versioned npm metadata,frontend/package-lock.json:node_modules/source-map-js,no
npm,source-map-support,0.5.21,MIT,https://registry.npmjs.org/source-map-support/0.5.21,git+https://github.com/evanw/node-source-map-support.git,https://registry.npmjs.org/source-map-support/0.5.21,lock license equals versioned npm metadata,frontend/package-lock.json:node_modules/source-map-support,no
npm,srvx,0.11.15,MIT,https://registry.npmjs.org/srvx/0.11.15,git+https://github.com/h3js/srvx.git,https://registry.npmjs.org/srvx/0.11.15,lock license equals versioned npm metadata,frontend/package-lock.json:node_modules/srvx,no
npm,stable-hash,0.0.5,MIT,https://registry.npmjs.org/stable-hash/0.0.5,git+https://github.com/shuding/stable-hash.git,https://registry.npmjs.org/stable-hash/0.0.5,lock license equals versioned npm metadata,frontend/package-lock.json:node_modules/stable-hash,no
npm,stop-iteration-iterator,1.1.0,MIT,https://registry.npmjs.org/stop-iteration-iterator/1.1.0,git+https://github.com/ljharb/stop-iteration-iterator.git,https://registry.npmjs.org/stop-iteration-iterator/1.1.0,lock license equals versioned npm metadata,frontend/package-lock.json:node_modules/stop-iteration-iterator,no
npm,string.prototype.codepointat,0.2.1,MIT,https://registry.npmjs.org/string.prototype.codepointat/0.2.1,git+https://github.com/mathiasbynens/String.prototype.codePointAt.git,https://registry.npmjs.org/string.prototype.codepointat/0.2.1,lock license equals versioned npm metadata,frontend/package-lock.json:node_modules/string.prototype.codepointat,no
npm,string.prototype.includes,2.0.1,MIT,https://registry.npmjs.org/string.prototype.includes/2.0.1,git+https://github.com/mathiasbynens/String.prototype.includes.git,https://registry.npmjs.org/string.prototype.includes/2.0.1,lock license equals versioned npm metadata,frontend/package-lock.json:node_modules/string.prototype.includes,no
npm,string.prototype.matchall,4.0.12,MIT,https://registry.npmjs.org/string.prototype.matchall/4.0.12,git+https://github.com/es-shims/String.prototype.matchAll.git,https://registry.npmjs.org/string.prototype.matchall/4.0.12,lock license equals versioned npm metadata,frontend/package-lock.json:node_modules/string.prototype.matchall,no
npm,string.prototype.repeat,1.0.0,MIT,https://registry.npmjs.org/string.prototype.repeat/1.0.0,git+https://github.com/mathiasbynens/String.prototype.repeat.git,https://registry.npmjs.org/string.prototype.repeat/1.0.0,lock license equals versioned npm metadata,frontend/package-lock.json:node_modules/string.prototype.repeat,no
npm,string.prototype.trim,1.2.10,MIT,https://registry.npmjs.org/string.prototype.trim/1.2.10,git://github.com/es-shims/String.prototype.trim.git,https://registry.npmjs.org/string.prototype.trim/1.2.10,lock license equals versioned npm metadata,frontend/package-lock.json:node_modules/string.prototype.trim,no
npm,string.prototype.trimend,1.0.9,MIT,https://registry.npmjs.org/string.prototype.trimend/1.0.9,git://github.com/es-shims/String.prototype.trimEnd.git,https://registry.npmjs.org/string.prototype.trimend/1.0.9,lock license equals versioned npm metadata,frontend/package-lock.json:node_modules/string.prototype.trimend,no
npm,string.prototype.trimstart,1.0.8,MIT,https://registry.npmjs.org/string.prototype.trimstart/1.0.8,git://github.com/es-shims/String.prototype.trimStart.git,https://registry.npmjs.org/string.prototype.trimstart/1.0.8,lock license equals versioned npm metadata,frontend/package-lock.json:node_modules/string.prototype.trimstart,no
npm,strip-bom,3.0.0,MIT,https://registry.npmjs.org/strip-bom/3.0.0,git+https://github.com/sindresorhus/strip-bom.git,https://registry.npmjs.org/strip-bom/3.0.0,lock license equals versioned npm metadata,frontend/package-lock.json:node_modules/strip-bom,no
npm,strip-json-comments,3.1.1,MIT,https://registry.npmjs.org/strip-json-comments/3.1.1,git+https://github.com/sindresorhus/strip-json-comments.git,https://registry.npmjs.org/strip-json-comments/3.1.1,lock license equals versioned npm metadata,frontend/package-lock.json:node_modules/strip-json-comments,no
npm,strip-literal,3.1.0,MIT,https://registry.npmjs.org/strip-literal/3.1.0,git+https://github.com/antfu/strip-literal.git,https://registry.npmjs.org/strip-literal/3.1.0,lock license equals versioned npm metadata,frontend/package-lock.json:node_modules/strip-literal,no
npm,styled-jsx,5.1.6,MIT,https://registry.npmjs.org/styled-jsx/5.1.6,git+https://github.com/vercel/styled-jsx.git,https://registry.npmjs.org/styled-jsx/5.1.6,lock license equals versioned npm metadata,frontend/package-lock.json:node_modules/styled-jsx,no
npm,supports-color,10.2.2,MIT,https://registry.npmjs.org/supports-color/10.2.2,git+https://github.com/chalk/supports-color.git,https://registry.npmjs.org/supports-color/10.2.2,lock license equals versioned npm metadata,frontend/package-lock.json:node_modules/@poppinss/dumper/node_modules/supports-color,no
npm,supports-color,7.2.0,MIT,https://registry.npmjs.org/supports-color/7.2.0,git+https://github.com/chalk/supports-color.git,https://registry.npmjs.org/supports-color/7.2.0,lock license equals versioned npm metadata,frontend/package-lock.json:node_modules/supports-color,no
npm,supports-color,8.1.1,MIT,https://registry.npmjs.org/supports-color/8.1.1,git+https://github.com/chalk/supports-color.git,https://registry.npmjs.org/supports-color/8.1.1,lock license equals versioned npm metadata,frontend/package-lock.json:node_modules/jest-worker/node_modules/supports-color,no
npm,supports-preserve-symlinks-flag,1.0.0,MIT,https://registry.npmjs.org/supports-preserve-symlinks-flag/1.0.0,git+https://github.com/inspect-js/node-supports-preserve-symlinks-flag.git,https://registry.npmjs.org/supports-preserve-symlinks-flag/1.0.0,lock license equals versioned npm metadata,frontend/package-lock.json:node_modules/supports-preserve-symlinks-flag,no
npm,tailwindcss,4.2.1,MIT,https://registry.npmjs.org/tailwindcss/4.2.1,git+https://github.com/tailwindlabs/tailwindcss.git,https://registry.npmjs.org/tailwindcss/4.2.1,lock license equals versioned npm metadata,frontend/package-lock.json:node_modules/tailwindcss,no
npm,tapable,2.3.3,MIT,https://registry.npmjs.org/tapable/2.3.3,git+ssh://git@github.com/webpack/tapable.git,https://registry.npmjs.org/tapable/2.3.3,lock license equals versioned npm metadata,frontend/package-lock.json:node_modules/tapable,no
npm,terser,5.47.1,BSD-2-Clause,https://registry.npmjs.org/terser/5.47.1,git+https://github.com/terser/terser.git,https://registry.npmjs.org/terser/5.47.1,lock license equals versioned npm metadata,frontend/package-lock.json:node_modules/terser,no
npm,terser-webpack-plugin,5.6.0,MIT,https://registry.npmjs.org/terser-webpack-plugin/5.6.0,git+https://github.com/webpack/minimizer-webpack-plugin.git,https://registry.npmjs.org/terser-webpack-plugin/5.6.0,lock license equals versioned npm metadata,frontend/package-lock.json:node_modules/terser-webpack-plugin,no
npm,tiny-inflate,1.0.3,MIT,https://registry.npmjs.org/tiny-inflate/1.0.3,git://github.com/devongovett/tiny-inflate.git,https://registry.npmjs.org/tiny-inflate/1.0.3,lock license equals versioned npm metadata,frontend/package-lock.json:node_modules/tiny-inflate,no
npm,tinyglobby,0.2.16,MIT,https://registry.npmjs.org/tinyglobby/0.2.16,git+https://github.com/SuperchupuDev/tinyglobby.git,https://registry.npmjs.org/tinyglobby/0.2.16,lock license equals versioned npm metadata,frontend/package-lock.json:node_modules/tinyglobby,no
npm,to-regex-range,5.0.1,MIT,https://registry.npmjs.org/to-regex-range/5.0.1,git+https://github.com/micromatch/to-regex-range.git,https://registry.npmjs.org/to-regex-range/5.0.1,lock license equals versioned npm metadata,frontend/package-lock.json:node_modules/to-regex-range,no
npm,ts-api-utils,2.5.0,MIT,https://registry.npmjs.org/ts-api-utils/2.5.0,git+https://github.com/JoshuaKGoldberg/ts-api-utils.git,https://registry.npmjs.org/ts-api-utils/2.5.0,lock license equals versioned npm metadata,frontend/package-lock.json:node_modules/ts-api-utils,no
npm,tsconfck,3.1.6,MIT,https://registry.npmjs.org/tsconfck/3.1.6,git+https://github.com/dominikg/tsconfck.git,https://registry.npmjs.org/tsconfck/3.1.6,lock license equals versioned npm metadata,frontend/package-lock.json:node_modules/tsconfck,no
npm,tsconfig-paths,3.15.0,MIT,https://registry.npmjs.org/tsconfig-paths/3.15.0,https://github.com/dividab/tsconfig-paths,https://registry.npmjs.org/tsconfig-paths/3.15.0,lock license equals versioned npm metadata,frontend/package-lock.json:node_modules/tsconfig-paths,no
npm,tslib,2.8.1,0BSD,https://registry.npmjs.org/tslib/2.8.1,git+https://github.com/Microsoft/tslib.git,https://registry.npmjs.org/tslib/2.8.1,lock license equals versioned npm metadata,frontend/package-lock.json:node_modules/@tailwindcss/oxide-wasm32-wasi/node_modules/tslib; frontend/package-lock.json:node_modules/tslib,no
npm,turbo-stream,3.2.0,MIT,https://registry.npmjs.org/turbo-stream/3.2.0,git+https://github.com/jacob-ebey/turbo-stream.git,https://registry.npmjs.org/turbo-stream/3.2.0,lock license equals versioned npm metadata,frontend/package-lock.json:node_modules/turbo-stream,no
npm,type-check,0.4.0,MIT,https://registry.npmjs.org/type-check/0.4.0,git://github.com/gkz/type-check.git,https://registry.npmjs.org/type-check/0.4.0,lock license equals versioned npm metadata,frontend/package-lock.json:node_modules/type-check,no
npm,typed-array-buffer,1.0.3,MIT,https://registry.npmjs.org/typed-array-buffer/1.0.3,git+https://github.com/inspect-js/typed-array-buffer.git,https://registry.npmjs.org/typed-array-buffer/1.0.3,lock license equals versioned npm metadata,frontend/package-lock.json:node_modules/typed-array-buffer,no
npm,typed-array-byte-length,1.0.3,MIT,https://registry.npmjs.org/typed-array-byte-length/1.0.3,git+https://github.com/inspect-js/typed-array-byte-length.git,https://registry.npmjs.org/typed-array-byte-length/1.0.3,lock license equals versioned npm metadata,frontend/package-lock.json:node_modules/typed-array-byte-length,no
npm,typed-array-byte-offset,1.0.4,MIT,https://registry.npmjs.org/typed-array-byte-offset/1.0.4,git+https://github.com/inspect-js/typed-array-byte-offset.git,https://registry.npmjs.org/typed-array-byte-offset/1.0.4,lock license equals versioned npm metadata,frontend/package-lock.json:node_modules/typed-array-byte-offset,no
npm,typed-array-length,1.0.7,MIT,https://registry.npmjs.org/typed-array-length/1.0.7,git+https://github.com/inspect-js/typed-array-length.git,https://registry.npmjs.org/typed-array-length/1.0.7,lock license equals versioned npm metadata,frontend/package-lock.json:node_modules/typed-array-length,no
npm,typescript,5.9.3,Apache-2.0,https://registry.npmjs.org/typescript/5.9.3,git+https://github.com/microsoft/TypeScript.git,https://registry.npmjs.org/typescript/5.9.3,lock license equals versioned npm metadata,frontend/package-lock.json:node_modules/typescript,no
npm,typescript-eslint,8.59.3,MIT,https://registry.npmjs.org/typescript-eslint/8.59.3,git+https://github.com/typescript-eslint/typescript-eslint.git,https://registry.npmjs.org/typescript-eslint/8.59.3,lock license equals versioned npm metadata,frontend/package-lock.json:node_modules/typescript-eslint,no
npm,unbox-primitive,1.1.0,MIT,https://registry.npmjs.org/unbox-primitive/1.1.0,git+https://github.com/ljharb/unbox-primitive.git,https://registry.npmjs.org/unbox-primitive/1.1.0,lock license equals versioned npm metadata,frontend/package-lock.json:node_modules/unbox-primitive,no
npm,undici,7.24.8,MIT,https://registry.npmjs.org/undici/7.24.8,git+https://github.com/nodejs/undici.git,https://registry.npmjs.org/undici/7.24.8,lock license equals versioned npm metadata,frontend/package-lock.json:node_modules/undici,no
npm,undici-types,6.21.0,MIT,https://registry.npmjs.org/undici-types/6.21.0,git+https://github.com/nodejs/undici.git,https://registry.npmjs.org/undici-types/6.21.0,lock license equals versioned npm metadata,frontend/package-lock.json:node_modules/undici-types,no
npm,unenv,2.0.0-rc.24,MIT,https://registry.npmjs.org/unenv/2.0.0-rc.24,git+https://github.com/unjs/unenv.git,https://registry.npmjs.org/unenv/2.0.0-rc.24,lock license equals versioned npm metadata,frontend/package-lock.json:node_modules/unenv,no
npm,unicode-trie,2.0.0,MIT,https://registry.npmjs.org/unicode-trie/2.0.0,git://github.com/devongovett/unicode-trie.git,https://registry.npmjs.org/unicode-trie/2.0.0,lock license equals versioned npm metadata,frontend/package-lock.json:node_modules/unicode-trie,no
npm,unpic,4.2.2,MIT,https://registry.npmjs.org/unpic/4.2.2,git+https://github.com/ascorbic/unpic.git,https://registry.npmjs.org/unpic/4.2.2,lock license equals versioned npm metadata,frontend/package-lock.json:node_modules/unpic,no
npm,unrs-resolver,1.11.1,MIT,https://registry.npmjs.org/unrs-resolver/1.11.1,git+https://github.com/unrs/unrs-resolver.git,https://registry.npmjs.org/unrs-resolver/1.11.1,lock license equals versioned npm metadata,frontend/package-lock.json:node_modules/unrs-resolver,no
npm,update-browserslist-db,1.2.3,MIT,https://registry.npmjs.org/update-browserslist-db/1.2.3,git+https://github.com/browserslist/update-db.git,https://registry.npmjs.org/update-browserslist-db/1.2.3,lock license equals versioned npm metadata,frontend/package-lock.json:node_modules/update-browserslist-db,no
npm,uri-js,4.4.1,BSD-2-Clause,https://registry.npmjs.org/uri-js/4.4.1,git+ssh://git@github.com/garycourt/uri-js.git,https://registry.npmjs.org/uri-js/4.4.1,lock license equals versioned npm metadata,frontend/package-lock.json:node_modules/uri-js,no
npm,vinext,0.0.50,MIT,https://registry.npmjs.org/vinext/0.0.50,git+https://github.com/cloudflare/vinext.git,https://registry.npmjs.org/vinext/0.0.50,lock license equals versioned npm metadata,frontend/package-lock.json:node_modules/vinext,no
npm,vite,8.0.13,MIT,https://registry.npmjs.org/vite/8.0.13,git+https://github.com/vitejs/vite.git,https://registry.npmjs.org/vite/8.0.13,lock license equals versioned npm metadata,frontend/package-lock.json:node_modules/vite,no
npm,vite-plugin-commonjs,0.10.4,MIT,https://registry.npmjs.org/vite-plugin-commonjs/0.10.4,git+https://github.com/vite-plugin/vite-plugin-commonjs.git,https://registry.npmjs.org/vite-plugin-commonjs/0.10.4,lock license equals versioned npm metadata,frontend/package-lock.json:node_modules/vite-plugin-commonjs,no
npm,vite-plugin-dynamic-import,1.6.0,MIT,https://registry.npmjs.org/vite-plugin-dynamic-import/1.6.0,git+https://github.com/vite-plugin/vite-plugin-dynamic-import.git,https://registry.npmjs.org/vite-plugin-dynamic-import/1.6.0,lock license equals versioned npm metadata,frontend/package-lock.json:node_modules/vite-plugin-dynamic-import,no
npm,vite-tsconfig-paths,6.1.1,MIT,https://registry.npmjs.org/vite-tsconfig-paths/6.1.1,git+https://github.com/aleclarson/vite-tsconfig-paths.git,https://registry.npmjs.org/vite-tsconfig-paths/6.1.1,lock license equals versioned npm metadata,frontend/package-lock.json:node_modules/vite-tsconfig-paths,no
npm,vitefu,1.1.3,MIT,https://registry.npmjs.org/vitefu/1.1.3,git+https://github.com/svitejs/vitefu.git,https://registry.npmjs.org/vitefu/1.1.3,lock license equals versioned npm metadata,frontend/package-lock.json:node_modules/vitefu,no
npm,watchpack,2.5.1,MIT,https://registry.npmjs.org/watchpack/2.5.1,git+https://github.com/webpack/watchpack.git,https://registry.npmjs.org/watchpack/2.5.1,lock license equals versioned npm metadata,frontend/package-lock.json:node_modules/watchpack,no
npm,web-vitals,4.2.4,Apache-2.0,https://registry.npmjs.org/web-vitals/4.2.4,git+https://github.com/GoogleChrome/web-vitals.git,https://registry.npmjs.org/web-vitals/4.2.4,lock license equals versioned npm metadata,frontend/package-lock.json:node_modules/web-vitals,no
npm,webpack,5.106.2,MIT,https://registry.npmjs.org/webpack/5.106.2,git+https://github.com/webpack/webpack.git,https://registry.npmjs.org/webpack/5.106.2,lock license equals versioned npm metadata,frontend/package-lock.json:node_modules/webpack,no
npm,webpack-sources,3.4.1,MIT,https://registry.npmjs.org/webpack-sources/3.4.1,git+https://github.com/webpack/webpack-sources.git,https://registry.npmjs.org/webpack-sources/3.4.1,lock license equals versioned npm metadata,frontend/package-lock.json:node_modules/webpack-sources,no
npm,which,2.0.2,ISC,https://registry.npmjs.org/which/2.0.2,git://github.com/isaacs/node-which.git,https://registry.npmjs.org/which/2.0.2,lock license equals versioned npm metadata,frontend/package-lock.json:node_modules/which,no
npm,which-boxed-primitive,1.1.1,MIT,https://registry.npmjs.org/which-boxed-primitive/1.1.1,git+https://github.com/inspect-js/which-boxed-primitive.git,https://registry.npmjs.org/which-boxed-primitive/1.1.1,lock license equals versioned npm metadata,frontend/package-lock.json:node_modules/which-boxed-primitive,no
npm,which-builtin-type,1.2.1,MIT,https://registry.npmjs.org/which-builtin-type/1.2.1,git+https://github.com/inspect-js/which-builtin-type.git,https://registry.npmjs.org/which-builtin-type/1.2.1,lock license equals versioned npm metadata,frontend/package-lock.json:node_modules/which-builtin-type,no
npm,which-collection,1.0.2,MIT,https://registry.npmjs.org/which-collection/1.0.2,git+https://github.com/inspect-js/which-collection.git,https://registry.npmjs.org/which-collection/1.0.2,lock license equals versioned npm metadata,frontend/package-lock.json:node_modules/which-collection,no
npm,which-typed-array,1.1.20,MIT,https://registry.npmjs.org/which-typed-array/1.1.20,git://github.com/inspect-js/which-typed-array.git,https://registry.npmjs.org/which-typed-array/1.1.20,lock license equals versioned npm metadata,frontend/package-lock.json:node_modules/which-typed-array,no
npm,word-wrap,1.2.5,MIT,https://registry.npmjs.org/word-wrap/1.2.5,git+https://github.com/jonschlinkert/word-wrap.git,https://registry.npmjs.org/word-wrap/1.2.5,lock license equals versioned npm metadata,frontend/package-lock.json:node_modules/word-wrap,no
npm,workerd,1.20260515.1,Apache-2.0,https://registry.npmjs.org/workerd/1.20260515.1,git+https://github.com/cloudflare/workerd.git,https://registry.npmjs.org/workerd/1.20260515.1,lock license equals versioned npm metadata,frontend/package-lock.json:node_modules/workerd,no
npm,wrangler,4.92.0,MIT OR Apache-2.0,https://registry.npmjs.org/wrangler/4.92.0,git+https://github.com/cloudflare/workers-sdk.git,https://registry.npmjs.org/wrangler/4.92.0,lock license equals versioned npm metadata,frontend/package-lock.json:node_modules/wrangler,no
npm,ws,8.18.0,MIT,https://registry.npmjs.org/ws/8.18.0,git+https://github.com/websockets/ws.git,https://registry.npmjs.org/ws/8.18.0,lock license equals versioned npm metadata,frontend/package-lock.json:node_modules/ws,no
npm,yallist,3.1.1,ISC,https://registry.npmjs.org/yallist/3.1.1,git+https://github.com/isaacs/yallist.git,https://registry.npmjs.org/yallist/3.1.1,lock license equals versioned npm metadata,frontend/package-lock.json:node_modules/yallist,no
npm,yocto-queue,0.1.0,MIT,https://registry.npmjs.org/yocto-queue/0.1.0,git+https://github.com/sindresorhus/yocto-queue.git,https://registry.npmjs.org/yocto-queue/0.1.0,lock license equals versioned npm metadata,frontend/package-lock.json:node_modules/yocto-queue,no
npm,yoga-layout,3.2.1,MIT,https://registry.npmjs.org/yoga-layout/3.2.1,git@github.com:facebook/yoga.git,https://registry.npmjs.org/yoga-layout/3.2.1,lock license equals versioned npm metadata,frontend/package-lock.json:node_modules/yoga-layout,no
npm,youch,4.1.0-beta.10,MIT,https://registry.npmjs.org/youch/4.1.0-beta.10,git+https://github.com/poppinss/youch.git,https://registry.npmjs.org/youch/4.1.0-beta.10,lock license equals versioned npm metadata,frontend/package-lock.json:node_modules/youch,no
npm,youch-core,0.3.3,MIT,https://registry.npmjs.org/youch-core/0.3.3,git+https://github.com/poppinss/youch-core.git,https://registry.npmjs.org/youch-core/0.3.3,lock license equals versioned npm metadata,frontend/package-lock.json:node_modules/youch-core,no
npm,zod,4.4.3,MIT,https://registry.npmjs.org/zod/4.4.3,git+https://github.com/colinhacks/zod.git,https://registry.npmjs.org/zod/4.4.3,lock license equals versioned npm metadata,frontend/package-lock.json:node_modules/zod,no
npm,zod-validation-error,4.0.2,MIT,https://registry.npmjs.org/zod-validation-error/4.0.2,git://github.com/causaly/zod-validation-error.git,https://registry.npmjs.org/zod-validation-error/4.0.2,lock license equals versioned npm metadata,frontend/package-lock.json:node_modules/zod-validation-error,no
